x1,x2,d,gaussmf_y,gaussmf_e,trimf_y,trimf_e,trapmf_y,trapmf_e
-1,-1,10,9.84300326415888,0.0246479750647661,9.84300326415888,0.0246479750647661,9.84300326415888,0.0246479750647661
-1,-0.916666666666667,9.02777777777778,9.09167487343303,0.00408283883317683,9.09167487343303,0.00408283883317683,9.09167487343303,0.00408283883317683
-1,-0.833333333333333,8.11111111111111,8.34221936376413,0.0534110244443318,8.34221936376413,0.0534110244443318,8.34221936376413,0.0534110244443318
-1,-0.75,7.25,7.59629575207089,0.119920747902347,7.59629575207089,0.119920747902347,7.59629575207089,0.119920747902347
-1,-0.666666666666667,6.44444444444444,6.85581152243219,0.169222872852177,6.85581152243219,0.169222872852177,6.85581152243219,0.169222872852177
-1,-0.583333333333333,5.69444444444444,6.1233042303276,0.183920715947749,6.1233042303276,0.183920715947749,6.1233042303276,0.183920715947749
-1,-0.5,5,5.40263081441613,0.162111572717394,5.40263081441613,0.162111572717394,5.40263081441613,0.162111572717394
-1,-0.416666666666667,4.36111111111111,4.70003339675221,0.114868315704189,4.70003339675221,0.114868315704189,4.70003339675221,0.114868315704189
-1,-0.333333333333333,3.77777777777778,4.02547377401077,0.0613533065498552,4.02547377401077,0.0613533065498552,4.02547377401077,0.0613533065498552
-1,-0.25,3.25,3.39371896136835,0.0206551398567977,3.39371896136835,0.0206551398567977,3.39371896136835,0.0206551398567977
-1,-0.166666666666667,2.77777777777778,2.82408420359034,0.00214428507153394,2.82408420359034,0.00214428507153394,2.82408420359034,0.00214428507153394
-1,-0.0833333333333333,2.36111111111111,2.33753315254944,0.000555920129935995,2.33753315254944,0.000555920129935995,2.33753315254944,0.000555920129935995
-1,0,2,1.95094398538987,0.00240649256942957,1.95094398538987,0.00240649256942957,1.95094398538987,0.00240649256942957
-1,0.0833333333333333,1.69444444444444,1.67086626762679,0.000555930422044429,1.67086626762679,0.000555930422044429,1.67086626762679,0.000555930422044429
-1,0.166666666666667,1.44444444444444,1.49075046766994,0.00214424778696035,1.49075046766994,0.00214424778696035,1.49075046766994,0.00214424778696035
-1,0.25,1.25,1.39371843414232,0.0206549883123207,1.39371843414232,0.0206549883123207,1.39371843414232,0.0206549883123207
-1,0.333333333333333,1.11111111111111,1.35880652844265,0.0613530197670436,1.35880652844265,0.0613530197670436,1.35880652844265,0.0613530197670436
-1,0.416666666666667,1.02777777777778,1.36669950717941,0.11486793866059,1.36669950717941,0.11486793866059,1.36669950717941,0.11486793866059
-1,0.5,1,1.40263034843909,0.162111197484183,1.40263034843909,0.162111197484183,1.40263034843909,0.162111197484183
-1,0.583333333333333,1.02777777777778,1.45663724506412,0.183920442681124,1.45663724506412,0.183920442681124,1.45663724506412,0.183920442681124
-1,0.666666666666667,1.11111111111111,1.52247806404357,0.169222769964939,1.52247806404357,0.169222769964939,1.52247806404357,0.169222769964939
-1,0.75,1.25,1.59629585707674,0.119920820628514,1.59629585707674,0.119920820628514,1.59629585707674,0.119920820628514
-1,0.833333333333333,1.44444444444444,1.67555306099686,0.053411192644772,1.67555306099686,0.053411192644772,1.67555306099686,0.053411192644772
-1,0.916666666666667,1.69444444444444,1.7583421859727,0.00408292137241221,1.7583421859727,0.00408292137241221,1.7583421859727,0.00408292137241221
-1,1,2,1.84300421096533,0.0246476777746173,1.84300421096533,0.0246476777746173,1.84300421096533,0.0246476777746173
-0.916666666666667,-1,10.3194444444444,10.0433808955809,0.0762110830111136,10.0433808955809,0.0762110830111136,10.0433808955809,0.0762110830111136
-0.916666666666667,-0.916666666666667,9.34722222222222,9.29205250479223,0.00304369772130459,9.29205250479223,0.00304369772130459,9.29205250479223,0.00304369772130459
-0.916666666666667,-0.833333333333333,8.43055555555556,8.54259699504938,0.0125532841638494,8.54259699504938,0.0125532841638494,8.54259699504938,0.0125532841638494
-0.916666666666667,-0.75,7.56944444444444,7.79667338326874,0.0516329906392168,7.79667338326874,0.0516329906392168,7.79667338326874,0.0516329906392168
-0.916666666666667,-0.666666666666667,6.76388888888889,7.05618915352588,0.0854394447068578,7.05618915352588,0.0854394447068578,7.05618915352588,0.0854394447068578
-0.916666666666667,-0.583333333333333,6.01388888888889,6.32368186129587,0.0959716857527528,6.32368186129587,0.0959716857527528,6.32368186129587,0.0959716857527528
-0.916666666666667,-0.5,5.31944444444444,5.60300844523177,0.0804085425425161,5.60300844523177,0.0804085425425161,5.60300844523177,0.0804085425425161
-0.916666666666667,-0.416666666666667,4.68055555555556,4.90041102738087,0.0483364284915302,4.90041102738087,0.0483364284915302,4.90041102738087,0.0483364284915302
-0.916666666666667,-0.333333333333333,4.09722222222222,4.22585140441052,0.0165454665104307,4.22585140441052,0.0165454665104307,4.22585140441052,0.0165454665104307
-0.916666666666667,-0.25,3.56944444444444,3.59409659149144,0.000607728354026562,3.59409659149144,0.000607728354026562,3.59409659149144,0.000607728354026562
-0.916666666666667,-0.166666666666667,3.09722222222222,3.02446183338808,0.00529407418329559,3.02446183338808,0.00529407418329559,3.02446183338808,0.00529407418329559
-0.916666666666667,-0.0833333333333333,2.68055555555556,2.53791078198065,0.0203475314282352,2.53791078198065,0.0203475314282352,2.53791078198065,0.0203475314282352
-0.916666666666667,0,2.31944444444444,2.15132161443059,0.0282652859718663,2.15132161443059,0.0282652859718663,2.15132161443059,0.0282652859718663
-0.916666666666667,0.0833333333333333,2.01388888888889,1.87124389627706,0.0203475939172281,1.87124389627706,0.0203475939172281,1.87124389627706,0.0203475939172281
-0.916666666666667,0.166666666666667,1.76388888888889,1.69112809595377,0.00529413298854704,1.69112809595377,0.00529413298854704,1.69112809595377,0.00529413298854704
-0.916666666666667,0.25,1.56944444444444,1.59409606210095,0.00060770225308239,1.59409606210095,0.00060770225308239,1.59409606210095,0.00060770225308239
-0.916666666666667,0.333333333333333,1.43055555555556,1.55918415612478,0.0165453168843972,1.55918415612478,0.0165453168843972,1.55918415612478,0.0165453168843972
-0.916666666666667,0.416666666666667,1.34722222222222,1.56707713463284,0.0483361825110784,1.56707713463284,0.0483361825110784,1.56707713463284,0.0483361825110784
-0.916666666666667,0.5,1.31944444444444,1.60300797570574,0.0804082762613768,1.60300797570574,0.0804082762613768,1.60300797570574,0.0804082762613768
-0.916666666666667,0.583333333333333,1.34722222222222,1.65701487217837,0.0959714859668551,1.65701487217837,0.0959714859668551,1.65701487217837,0.0959714859668551
-0.916666666666667,0.666666666666667,1.43055555555556,1.72285569103264,0.0854393691999207,1.72285569103264,0.0854393691999207,1.72285569103264,0.0854393691999207
-0.916666666666667,0.75,1.56944444444444,1.79667348396189,0.0516330364000196,1.79667348396189,0.0516330364000196,1.79667348396189,0.0516330364000196
-0.916666666666667,0.833333333333333,1.76388888888889,1.87593068779484,0.0125533647020825,1.87593068779484,0.0125533647020825,1.87593068779484,0.0125533647020825
-0.916666666666667,0.916666666666667,2.01388888888889,1.95871981269698,0.00304362696786918,1.95871981269698,0.00304362696786918,1.95871981269698,0.00304362696786918
-0.916666666666667,1,2.31944444444444,2.043381837627,0.0762105628828443,2.043381837627,0.0762105628828443,2.043381837627,0.0762105628828443
-0.833333333333333,-1,10.6111111111111,10.2433916784602,0.135217581149125,10.2433916784602,0.135217581149125,10.2433916784602,0.135217581149125
-0.833333333333333,-0.916666666666667,9.63888888888889,9.49206328760867,0.0215577571912971,9.49206328760867,0.0215577571912971,9.49206328760867,0.0215577571912971
-0.833333333333333,-0.833333333333333,8.72222222222222,8.74260777779194,0.000415570875886255,8.74260777779194,0.000415570875886255,8.74260777779194,0.000415570875886255
-0.833333333333333,-0.75,7.86111111111111,7.99668416592401,0.0183800531913016,7.99668416592401,0.0183800531913016,7.99668416592401,0.0183800531913016
-0.833333333333333,-0.666666666666667,7.05555555555555,7.25619993607715,0.040258167434894,7.25619993607715,0.040258167434894,7.25619993607715,0.040258167434894
-0.833333333333333,-0.583333333333333,6.30555555555556,6.52369264372191,0.0475837892336948,6.52369264372191,0.0475837892336948,6.52369264372191,0.0475837892336948
-0.833333333333333,-0.5,5.61111111111111,5.80301922750545,0.0368287251380226,5.80301922750545,0.0368287251380226,5.80301922750545,0.0368287251380226
-0.833333333333333,-0.416666666666667,4.97222222222222,5.10042180946789,0.0164351341699589,5.10042180946789,0.0164351341699589,5.10042180946789,0.0164351341699589
-0.833333333333333,-0.333333333333333,4.38888888888889,4.42586218626908,0.00136702471916406,4.42586218626908,0.00136702471916406,4.42586218626908,0.00136702471916406
-0.833333333333333,-0.25,3.86111111111111,3.79410737307389,0.00448950091096117,3.79410737307389,0.00448950091096117,3.79410737307389,0.00448950091096117
-0.833333333333333,-0.166666666666667,3.38888888888889,3.22447261464586,0.0270327112359606,3.22447261464586,0.0270327112359606,3.22447261464586,0.0270327112359606
-0.833333333333333,-0.0833333333333333,2.97222222222222,2.73792156287267,0.0548967989716361,2.73792156287267,0.0548967989716361,2.73792156287267,0.0548967989716361
-0.833333333333333,0,2.61111111111111,2.35133239493295,0.0674849813791749,2.35133239493295,0.0674849813791749,2.35133239493295,0.0674849813791749
-0.833333333333333,0.0833333333333333,2.30555555555556,2.07125467638979,0.0548969019778487,2.07125467638979,0.0548969019778487,2.07125467638979,0.0548969019778487
-0.833333333333333,0.166666666666667,2.05555555555556,1.89113887570085,0.0270328446144454,1.89113887570085,0.0270328446144454,1.89113887570085,0.0270328446144454
-0.833333333333333,0.25,1.86111111111111,1.79410684152351,0.00448957214296731,1.79410684152351,0.00448957214296731,1.79410684152351,0.00448957214296731
-0.833333333333333,0.333333333333333,1.72222222222222,1.75919493527144,0.00136698151021996,1.75919493527144,0.00136698151021996,1.75919493527144,0.00136698151021996
-0.833333333333333,0.416666666666667,1.63888888888889,1.76708791355127,0.0164349899243863,1.76708791355127,0.0164349899243863,1.76708791355127,0.0164349899243863
-0.833333333333333,0.5,1.61111111111111,1.80301875443778,0.0368285435671967,1.80301875443778,0.0368285435671967,1.80301875443778,0.0368285435671967
-0.833333333333333,0.583333333333333,1.63888888888889,1.85702565075832,0.0475836468788814,1.85702565075832,0.0475836468788814,1.85702565075832,0.0475836468788814
-0.833333333333333,0.666666666666667,1.72222222222222,1.92286646948764,0.0402581139607042,1.92286646948764,0.0402581139607042,1.92286646948764,0.0402581139607042
-0.833333333333333,0.75,1.86111111111111,1.99668426231316,0.018380079326854,1.99668426231316,0.018380079326854,1.99668426231316,0.018380079326854
-0.833333333333333,0.833333333333333,2.05555555555556,2.07594146605911,0.000415585347058895,2.07594146605911,0.000415585347058895,2.07594146605911,0.000415585347058895
-0.833333333333333,0.916666666666667,2.30555555555556,2.15873059088765,0.021557570249731,2.15873059088765,0.021557570249731,2.15873059088765,0.021557570249731
-0.833333333333333,1,2.61111111111111,2.24339261575517,0.135216891826841,2.24339261575517,0.135216891826841,2.24339261575517,0.135216891826841
-0.75,-1,10.875,10.4425946373541,0.186974397644896,10.4425946373541,0.186974397644896,10.4425946373541,0.186974397644896
-0.75,-0.916666666666667,9.90277777777778,9.69126624644001,0.0447371278888455,9.69126624644001,0.0447371278888455,9.69126624644001,0.0447371278888455
-0.75,-0.833333333333333,8.98611111111111,8.94181073654963,0.00196252318628729,8.94181073654963,0.00196252318628729,8.94181073654963,0.00196252318628729
-0.75,-0.75,8.125,8.19588712459469,0.00502498443330324,8.19588712459469,0.00502498443330324,8.19588712459469,0.00502498443330324
-0.75,-0.666666666666667,7.31944444444444,7.45540289464419,0.0184847001807162,7.45540289464419,0.0184847001807162,7.45540289464419,0.0184847001807162
-0.75,-0.583333333333333,6.56944444444444,6.72289560216419,0.0235472578055293,6.72289560216419,0.0235472578055293,6.72289560216419,0.0235472578055293
-0.75,-0.5,5.875,6.00222218579595,0.0161854845587003,6.00222218579595,0.0161854845587003,6.00222218579595,0.0161854845587003
-0.75,-0.416666666666667,5.23611111111111,5.29962476757249,0.00403398455709452,5.29962476757249,0.00403398455709452,5.29962476757249,0.00403398455709452
-0.75,-0.333333333333333,4.65277777777778,4.62506514414617,0.000767990062799622,4.62506514414617,0.000767990062799622,4.62506514414617,0.000767990062799622
-0.75,-0.25,4.125,3.99331033067603,0.0173421690066553,3.99331033067603,0.0173421690066553,3.99331033067603,0.0173421690066553
-0.75,-0.166666666666667,3.65277777777778,3.42367557192473,0.0524878207267316,3.42367557192473,0.0524878207267316,3.42367557192473,0.0524878207267316
-0.75,-0.0833333333333333,3.23611111111111,2.93712451978738,0.0893929817913835,2.93712451978738,0.0893929817913835,2.93712451978738,0.0893929817913835
-0.75,0,2.875,2.55053535145972,0.10527730815237,2.55053535145972,0.10527730815237,2.55053535145972,0.10527730815237
-0.75,0.0833333333333333,2.56944444444444,2.27045763252866,0.0893931136995639,2.27045763252866,0.0893931136995639,2.27045763252866,0.0893931136995639
-0.75,0.166666666666667,2.31944444444444,2.09034183147568,0.0524880072691158,2.09034183147568,0.0524880072691158,2.09034183147568,0.0524880072691158
-0.75,0.25,2.125,1.99330979697527,0.0173423095726947,1.99330979697527,0.0173423095726947,1.99330979697527,0.0173423095726947
-0.75,0.333333333333333,1.98611111111111,1.9583978904485,0.00076802259949432,1.9583978904485,0.00076802259949432,1.9583978904485,0.00076802259949432
-0.75,0.416666666666667,1.90277777777778,1.9662908685011,0.00403391269322928,1.9662908685011,0.00403391269322928,1.9662908685011,0.00403391269322928
-0.75,0.5,1.875,2.00222170920202,0.0161853632922832,2.00222170920202,0.0161853632922832,2.00222170920202,0.0161853632922832
-0.75,0.583333333333333,1.90277777777778,2.05622860537111,0.0235471564890786,2.05622860537111,0.0235471564890786,2.05622860537111,0.0235471564890786
-0.75,0.666666666666667,1.98611111111111,2.12206942397599,0.0184846628370653,2.12206942397599,0.0184846628370653,2.12206942397599,0.0184846628370653
-0.75,0.75,2.125,2.19588721669822,0.0050249974912203,2.19588721669822,0.0050249974912203,2.19588721669822,0.0050249974912203
-0.75,0.833333333333333,2.31944444444444,2.2751444203575,0.00196249213410368,2.2751444203575,0.00196249213410368,2.2751444203575,0.00196249213410368
-0.75,0.916666666666667,2.56944444444444,2.35793354511274,0.0447368605361062,2.35793354511274,0.0447368605361062,2.35793354511274,0.0447368605361062
-0.75,1,2.875,2.44259556991797,0.186973591154562,2.44259556991797,0.186973591154562,2.44259556991797,0.186973591154562
-0.666666666666667,-1,11.1111111111111,10.6405040924289,0.221470966032942,10.6405040924289,0.221470966032942,10.6405040924289,0.221470966032942
-0.666666666666667,-0.916666666666667,10.1388888888889,9.88917570145246,0.0623566759796584,9.88917570145246,0.0623566759796584,9.88917570145246,0.0623566759796584
-0.666666666666667,-0.833333333333333,9.22222222222222,9.13972019148882,0.0068065850751357,9.13972019148882,0.0068065850751357,9.13972019148882,0.0068065850751357
-0.666666666666667,-0.75,8.36111111111111,8.39379657944734,0.00106833984035887,8.39379657944734,0.00106833984035887,8.39379657944734,0.00106833984035887
-0.666666666666667,-0.666666666666667,7.55555555555555,7.6533123493938,0.00955639074153337,7.6533123493938,0.00955639074153337,7.6533123493938,0.00955639074153337
-0.666666666666667,-0.583333333333333,6.80555555555556,6.92080505678979,0.0132824475347399,6.92080505678979,0.0132824475347399,6.92080505678979,0.0132824475347399
-0.666666666666667,-0.5,6.11111111111111,6.20013164027074,0.00792465461186093,6.20013164027074,0.00792465461186093,6.20013164027074,0.00792465461186093
-0.666666666666667,-0.416666666666667,5.47222222222222,5.49753422186258,0.000640697325793546,5.49753422186258,0.000640697325793546,5.49753422186258,0.000640697325793546
-0.666666666666667,-0.333333333333333,4.88888888888889,4.82297459821025,0.00434469371566797,4.82297459821025,0.00434469371566797,4.82297459821025,0.00434469371566797
-0.666666666666667,-0.25,4.36111111111111,4.19121978446703,0.0288630628688866,4.19121978446703,0.0288630628688866,4.19121978446703,0.0288630628688866
-0.666666666666667,-0.166666666666667,3.88888888888889,3.62158502539467,0.0714513554389372,3.62158502539467,0.0714513554389372,3.62158502539467,0.0714513554389372
-0.666666666666667,-0.0833333333333333,3.47222222222222,3.13503397289567,0.113695915483904,3.13503397289567,0.113695915483904,3.13503397289567,0.113695915483904
-0.666666666666667,0,3.11111111111111,2.74844480418276,0.131526850181046,2.74844480418276,0.131526850181046,2.74844480418276,0.131526850181046
-0.666666666666667,0.0833333333333333,2.80555555555556,2.46836708486652,0.113696064765611,2.46836708486652,0.113696064765611,2.46836708486652,0.113696064765611
-0.666666666666667,0.166666666666667,2.55555555555556,2.28825128345205,0.0714515738847862,2.28825128345205,0.0714515738847862,2.28825128345205,0.0714515738847862
-0.666666666666667,0.25,2.36111111111111,2.19121924863082,0.0288632449370223,2.19121924863082,0.0288632449370223,2.19121924863082,0.0288632449370223
-0.666666666666667,0.333333333333333,2.22222222222222,2.15630734183127,0.00434477145695321,2.15630734183127,0.00434477145695321,2.15630734183127,0.00434477145695321
-0.666666666666667,0.416666666666667,2.13888888888889,2.16420031965821,0.000640668527589993,2.16420031965821,0.000640668527589993,2.16420031965821,0.000640668527589993
-0.666666666666667,0.5,2.11111111111111,2.2001311601748,0.0079245691353014,2.2001311601748,0.0079245691353014,2.2001311601748,0.0079245691353014
-0.666666666666667,0.583333333333333,2.13888888888889,2.25413805619346,0.013282370564398,2.25413805619346,0.013282370564398,2.25413805619346,0.013282370564398
-0.666666666666667,0.666666666666667,2.22222222222222,2.31997887467474,0.00955636309872313,2.31997887467474,0.00955636309872313,2.31997887467474,0.00955636309872313
-0.666666666666667,0.75,2.36111111111111,2.39379666729434,0.00106834558300714,2.39379666729434,0.00106834558300714,2.39379666729434,0.00106834558300714
-0.666666666666667,0.833333333333333,2.55555555555556,2.47305387086751,0.00680652797636539,2.47305387086751,0.00680652797636539,2.47305387086751,0.00680652797636539
-0.666666666666667,0.916666666666667,2.80555555555556,2.5558429955499,0.0623563626245765,2.5558429955499,0.0623563626245765,2.5558429955499,0.0623563626245765
-0.666666666666667,1,3.11111111111111,2.64050502029323,0.221470092714884,2.64050502029323,0.221470092714884,2.64050502029323,0.221470092714884
-0.583333333333333,-1,11.3194444444444,10.8363892519558,0.233342318990241,10.8363892519558,0.233342318990241,10.8363892519558,0.233342318990241
-0.583333333333333,-0.916666666666667,10.3472222222222,10.0850608609175,0.0687285793611385,10.0850608609175,0.0687285793611385,10.0850608609175,0.0687285793611385
-0.583333333333333,-0.833333333333333,9.43055555555556,9.33560535088121,0.00901554136769948,9.33560535088121,0.00901554136769948,9.33560535088121,0.00901554136769948
-0.583333333333333,-0.75,8.56944444444444,8.58968173875398,0.000409548080970586,8.58968173875398,0.000409548080970586,8.58968173875398,0.000409548080970586
-0.583333333333333,-0.666666666666667,7.76388888888889,7.84919750859835,0.00727756059673314,7.84919750859835,0.00727756059673314,7.84919750859835,0.00727756059673314
-0.583333333333333,-0.583333333333333,7.01388888888889,7.11669021587152,0.0105681128293903,7.11669021587152,0.0105681128293903,7.11669021587152,0.0105681128293903
-0.583333333333333,-0.5,6.31944444444444,6.39601679920315,0.00586332551329347,6.39601679920315,0.00586332551329347,6.39601679920315,0.00586332551329347
-0.583333333333333,-0.416666666666667,5.68055555555556,5.69341938061217,0.00016547799508725,5.69341938061217,0.00016547799508725,5.69341938061217,0.00016547799508725
-0.583333333333333,-0.333333333333333,5.09722222222222,5.01885975673618,0.00614067599705042,5.01885975673618,0.00614067599705042,5.01885975673618,0.00614067599705042
-0.583333333333333,-0.25,4.56944444444444,4.38710494272276,0.0332476938881109,4.38710494272276,0.0332476938881109,4.38710494272276,0.0332476938881109
-0.583333333333333,-0.166666666666667,4.09722222222222,3.81747018333278,0.0782612032628002,3.81747018333278,0.0782612032628002,3.81747018333278,0.0782612032628002
-0.583333333333333,-0.0833333333333333,3.68055555555556,3.33091913047604,0.122245629742382,3.33091913047604,0.122245629742382,3.33091913047604,0.122245629742382
-0.583333333333333,0,3.31944444444444,2.94432996138208,0.140710875403148,2.94432996138208,0.140710875403148,2.94432996138208,0.140710875403148
-0.583333333333333,0.0833333333333333,3.01388888888889,2.66425224168484,0.122245785068089,2.66425224168484,0.122245785068089,2.66425224168484,0.122245785068089
-0.583333333333333,0.166666666666667,2.76388888888889,2.48413643991282,0.0782614327081081,2.48413643991282,0.0782614327081081,2.48413643991282,0.0782614327081081
-0.583333333333333,0.25,2.56944444444444,2.38710440477427,0.0332478900669223,2.38710440477427,0.0332478900669223,2.38710440477427,0.0332478900669223
-0.583333333333333,0.333333333333333,2.43055555555556,2.35219249770489,0.00614076883570627,2.35219249770489,0.00614076883570627,2.35219249770489,0.00614076883570627
-0.583333333333333,0.416666666666667,2.34722222222222,2.3600854753086,0.0001654632799642,2.3600854753086,0.0001654632799642,2.3600854753086,0.0001654632799642
-0.583333333333333,0.5,2.31944444444444,2.39601631564284,0.005863251458823,2.39601631564284,0.005863251458823,2.39601631564284,0.005863251458823
-0.583333333333333,0.583333333333333,2.34722222222222,2.45002321151267,0.0105680433990937,2.45002321151267,0.0105680433990937,2.45002321151267,0.0105680433990937
-0.583333333333333,0.666666666666667,2.43055555555556,2.51586402987163,0.00727753579013632,2.51586402987163,0.00727753579013632,2.51586402987163,0.00727753579013632
-0.583333333333333,0.75,2.56944444444444,2.58968182238965,0.000409551466097203,2.58968182238965,0.000409551466097203,2.58968182238965,0.000409551466097203
-0.583333333333333,0.833333333333333,2.76388888888889,2.66893902587758,0.00901547648586682,2.66893902587758,0.00901547648586682,2.66893902587758,0.00901547648586682
-0.583333333333333,0.916666666666667,3.01388888888889,2.75172815048784,0.0687282527589839,2.75172815048784,0.0687282527589839,2.75172815048784,0.0687282527589839
-0.583333333333333,1,3.31944444444444,2.83639017516986,0.233341427064402,2.83639017516986,0.233341427064402,2.83639017516986,0.233341427064402
-0.5,-1,11.5,11.0288783783071,0.221955582426519,11.0288783783071,0.221955582426519,11.0288783783071,0.221955582426519
-0.5,-0.916666666666667,10.5277777777778,10.2775499872079,0.0626139471734911,10.2775499872079,0.0626139471734911,10.2775499872079,0.0626139471734911
-0.5,-0.833333333333333,9.61111111111111,9.52809447710001,0.00689176152253356,9.52809447710001,0.00689176152253356,9.52809447710001,0.00689176152253356
-0.5,-0.75,8.75,8.78217086488833,0.00103496454766345,8.78217086488833,0.00103496454766345,8.78217086488833,0.00103496454766345
-0.5,-0.666666666666667,7.94444444444444,8.04168663463225,0.00945604355252083,8.04168663463225,0.00945604355252083,8.04168663463225,0.00945604355252083
-0.5,-0.583333333333333,7.19444444444444,7.30917934178463,0.0131640966676621,7.30917934178463,0.0131640966676621,7.30917934178463,0.0131640966676621
-0.5,-0.5,6.5,6.58850592496946,0.00783329875469917,6.58850592496946,0.00783329875469917,6.58850592496946,0.00783329875469917
-0.5,-0.416666666666667,5.86111111111111,5.88590850619881,0.000614910803135657,5.88590850619881,0.000614910803135657,5.88590850619881,0.000614910803135657
-0.5,-0.333333333333333,5.27777777777778,5.21134888210309,0.00441279818055816,5.21134888210309,0.00441279818055816,5.21134888210309,0.00441279818055816
-0.5,-0.25,4.75,4.57959406782428,0.0290381817206756,4.57959406782428,0.0290381817206756,4.57959406782428,0.0290381817206756
-0.5,-0.166666666666667,4.27777777777778,4.00995930812239,0.0717267326885557,4.00995930812239,0.0717267326885557,4.00995930812239,0.0717267326885557
-0.5,-0.0833333333333333,3.86111111111111,3.52340825491439,0.114043219083427,3.52340825491439,0.114043219083427,3.52340825491439,0.114043219083427
-0.5,0,3.5,3.13681908544629,0.131900376696069,3.13681908544629,0.131900376696069,3.13681908544629,0.131900376696069
-0.5,0.0833333333333333,3.19444444444444,2.85674136537501,0.114043369612976,2.85674136537501,0.114043369612976,2.85674136537501,0.114043369612976
-0.5,0.166666666666667,2.94444444444444,2.67662556325197,0.0717269531231896,2.67662556325197,0.0717269531231896,2.67662556325197,0.0717269531231896
-0.5,0.25,2.75,2.57959352780187,0.0290383657670105,2.57959352780187,0.0290383657670105,2.57959352780187,0.0290383657670105
-0.5,0.333333333333333,2.61111111111111,2.54468162046758,0.00441287722715862,2.54468162046758,0.00441287722715862,2.54468162046758,0.00441287722715862
-0.5,0.416666666666667,2.52777777777778,2.5525745978521,0.000614882285798103,2.5525745978521,0.000614882285798103,2.5525745978521,0.000614882285798103
-0.5,0.5,2.5,2.58850543800725,0.00783321255685511,2.58850543800725,0.00783321255685511,2.58850543800725,0.00783321255685511
-0.5,0.583333333333333,2.52777777777778,2.64251233373089,0.0131640183297579,2.64251233373089,0.0131640183297579,2.64251233373089,0.0131640183297579
-0.5,0.666666666666667,2.61111111111111,2.70835315196969,0.00945601451034159,2.70835315196969,0.00945601451034159,2.70835315196969,0.00945601451034159
-0.5,0.75,2.75,2.7821709443879,0.00103496966280948,2.7821709443879,0.00103496966280948,2.7821709443879,0.00103496966280948
-0.5,0.833333333333333,2.94444444444444,2.86142814779204,0.00689170550988012,2.86142814779204,0.00689170550988012,2.86142814779204,0.00689170550988012
-0.5,0.916666666666667,3.19444444444444,2.94421727233138,0.0626136376637007,2.94421727233138,0.0626136376637007,2.94421727233138,0.0626136376637007
-0.5,1,3.5,3.0288792969531,0.221954716839402,3.0288792969531,0.221954716839402,3.0288792969531,0.221954716839402
-0.416666666666667,-1,11.6527777777778,11.2152950234111,0.191391160368287,11.2152950234111,0.191391160368287,11.2152950234111,0.191391160368287
-0.416666666666667,-0.916666666666667,10.6805555555556,10.4639666322525,0.0469107616975752,10.4639666322525,0.0469107616975752,10.4639666322525,0.0469107616975752
-0.416666666666667,-0.833333333333333,9.76388888888889,9.71451112207505,0.00243816385552202,9.71451112207505,0.00243816385552202,9.71451112207505,0.00243816385552202
-0.416666666666667,-0.75,8.90277777777778,8.96858750978137,0.0043309208263848,8.96858750978137,0.0043309208263848,8.96858750978137,0.0043309208263848
-0.416666666666667,-0.666666666666667,8.09722222222222,8.2281032794278,0.0171298511352511,8.2281032794278,0.0171298511352511,8.2281032794278,0.0171298511352511
-0.416666666666667,-0.583333333333333,7.34722222222222,7.49559598646304,0.0220147739149913,7.49559598646304,0.0220147739149913,7.49559598646304,0.0220147739149913
-0.416666666666667,-0.5,6.65277777777778,6.77492256950561,0.0149193501462351,6.77492256950561,0.0149193501462351,6.77492256950561,0.0149193501462351
-0.416666666666667,-0.416666666666667,6.01388888888889,6.07232515056093,0.00341479667820385,6.07232515056093,0.00341479667820385,6.07232515056093,0.00341479667820385
-0.416666666666667,-0.333333333333333,5.43055555555556,5.39776552625247,0.0010751860216971,5.39776552625247,0.0010751860216971,5.39776552625247,0.0010751860216971
-0.416666666666667,-0.25,4.90277777777778,4.7660107117168,0.0187052303589281,4.7660107117168,0.0187052303589281,4.7660107117168,0.0187052303589281
-0.416666666666667,-0.166666666666667,4.43055555555556,4.19637595171309,0.0548400868558118,4.19637595171309,0.0548400868558118,4.19637595171309,0.0548400868558118
-0.416666666666667,-0.0833333333333333,4.01388888888889,3.70982489816528,0.0924549104547695,3.70982489816528,0.0924549104547695,3.70982489816528,0.0924549104547695
-0.416666666666667,0,3.65277777777778,3.32323572833529,0.108597962350756,3.32323572833529,0.108597962350756,3.32323572833529,0.108597962350756
-0.416666666666667,0.0833333333333333,3.34722222222222,3.04315800790223,0.0924550464300372,3.04315800790223,0.0924550464300372,3.04315800790223,0.0924550464300372
-0.416666666666667,0.166666666666667,3.09722222222222,2.86304220543967,0.0548402802602757,2.86304220543967,0.0548402802602757,2.86304220543967,0.0548402802602757
-0.416666666666667,0.25,2.90277777777778,2.76601016968824,0.0187053786225322,2.76601016968824,0.0187053786225322,2.76601016968824,0.0187053786225322
-0.416666666666667,0.333333333333333,2.76388888888889,2.73109826209769,0.00107522520535969,2.73109826209769,0.00107522520535969,2.73109826209769,0.00107522520535969
-0.416666666666667,0.416666666666667,2.68055555555556,2.73899123927014,0.00341472913119145,2.73899123927014,0.00341472913119145,2.73899123927014,0.00341472913119145
-0.416666666666667,0.5,2.65277777777778,2.77492207925201,0.014919230382629,2.77492207925201,0.014919230382629,2.77492207925201,0.014919230382629
-0.416666666666667,0.583333333333333,2.68055555555556,2.82892897483416,0.0220146715484251,2.82892897483416,0.0220146715484251,2.82892897483416,0.0220146715484251
-0.416666666666667,0.666666666666667,2.76388888888889,2.89476979295663,0.0171298110495881,2.89476979295663,0.0171298110495881,2.89476979295663,0.0171298110495881
-0.416666666666667,0.75,2.90277777777778,2.96858758527817,0.00433093076323873,2.96858758527817,0.00433093076323873,2.96858758527817,0.00433093076323873
-0.416666666666667,0.833333333333333,3.09722222222222,3.04784478860113,0.00243813095100527,3.04784478860113,0.00243813095100527,3.04784478860113,0.00243813095100527
-0.416666666666667,0.916666666666667,3.34722222222222,3.13063391307173,0.046910495660668,3.13063391307173,0.046910495660668,3.13063391307173,0.046910495660668
-0.416666666666667,1,3.65277777777778,3.21529593763498,0.191390360454728,3.21529593763498,0.191390360454728,3.21529593763498,0.191390360454728
-0.333333333333333,-1,11.7777777777778,11.3907416949565,0.149796929405644,11.3907416949565,0.149796929405644,11.3907416949565,0.149796929405644
-0.333333333333333,-0.916666666666667,10.8055555555556,10.6394133037417,0.0276032478377728,10.6394133037417,0.0276032478377728,10.6394133037417,0.0276032478377728
-0.333333333333333,-0.833333333333333,9.88888888888889,9.88995779349842,1.14255706427927e-06,9.88995779349842,1.14255706427927e-06,9.88995779349842,1.14255706427927e-06
-0.333333333333333,-0.75,9.02777777777778,9.14403418112723,0.0135155513197512,9.14403418112723,0.0135155513197512,9.14403418112723,0.0135155513197512
-0.333333333333333,-0.666666666666667,8.22222222222222,8.40354995068164,0.0328797451082513,8.40354995068164,0.0328797451082513,8.40354995068164,0.0328797451082513
-0.333333333333333,-0.583333333333333,7.47222222222222,7.67104265760641,0.0395295655263573,7.67104265760641,0.0395295655263573,7.67104265760641,0.0395295655263573
-0.333333333333333,-0.5,6.77777777777778,6.95036924051492,0.0297878130097452,6.95036924051492,0.0297878130097452,6.95036924051492,0.0297878130097452
-0.333333333333333,-0.416666666666667,6.13888888888889,6.2477718214064,0.0118554929936128,6.2477718214064,0.0118554929936128,6.2477718214064,0.0118554929936128
-0.333333333333333,-0.333333333333333,5.55555555555556,5.57321219689777,0.000311756983487569,5.57321219689777,0.000311756983487569,5.57321219689777,0.000311756983487569
-0.333333333333333,-0.25,5.02777777777778,4.94145738212055,0.00745121070642108,4.94145738212055,0.00745121070642108,4.94145738212055,0.00745121070642108
-0.333333333333333,-0.166666666666667,4.55555555555556,4.37182262183313,0.0337577909342483,4.37182262183313,0.0337577909342483,4.37182262183313,0.0337577909342483
-0.333333333333333,-0.0833333333333333,4.13888888888889,3.88527156796596,0.0643217454721225,3.88527156796596,0.0643217454721225,3.88527156796596,0.0643217454721225
-0.333333333333333,0,3.77777777777778,3.49868239779595,0.0778942311272032,3.49868239779595,0.0778942311272032,3.49868239779595,0.0778942311272032
-0.333333333333333,0.0833333333333333,3.47222222222222,3.21860467702299,0.0643218592328857,3.21860467702299,0.0643218592328857,3.21860467702299,0.0643218592328857
-0.333333333333333,0.166666666666667,3.22222222222222,3.03848887424148,0.0337579431602138,3.03848887424148,0.0337579431602138,3.03848887424148,0.0337579431602138
-0.333333333333333,0.25,3.02777777777778,2.94145683820694,0.00745130460839199,2.94145683820694,0.00745130460839199,2.94145683820694,0.00745130460839199
-0.333333333333333,0.333333333333333,2.88888888888889,2.9065449303756,0.000311735800980415,2.9065449303756,0.000311735800980415,2.9065449303756,0.000311735800980415
-0.333333333333333,0.416666666666667,2.80555555555556,2.91443790734876,0.0118553665320187,2.91443790734876,0.0118553665320187,2.91443790734876,0.0118553665320187
-0.333333333333333,0.5,2.77777777777778,2.95036874716772,0.0297876427149613,2.95036874716772,0.0297876427149613,2.95036874716772,0.0297876427149613
-0.333333333333333,0.583333333333333,2.80555555555556,3.00437564261681,0.0395294270190459,3.00437564261681,0.0395294270190459,3.00437564261681,0.0395294270190459
-0.333333333333333,0.666666666666667,2.88888888888889,3.07021646062982,0.0328796882734638,3.07021646062982,0.0328796882734638,3.07021646062982,0.0328796882734638
-0.333333333333333,0.75,3.02777777777778,3.14403425286038,0.0135155679986317,3.14403425286038,0.0135155679986317,3.14403425286038,0.0135155679986317
-0.333333333333333,0.833333333333333,3.22222222222222,3.22329145610689,1.14326110011334e-06,3.22329145610689,1.14326110011334e-06,3.22329145610689,1.14326110011334e-06
-0.333333333333333,0.916666666666667,3.47222222222222,3.30608058051271,0.0276030451099325,3.30608058051271,0.0276030451099325,3.30608058051271,0.0276030451099325
-0.333333333333333,1,3.77777777777778,3.39074260502081,0.149796224951018,3.39074260502081,0.149796224951018,3.39074260502081,0.149796224951018
-0.25,-1,11.875,11.5472071849524,0.107448129596839,11.5472071849524,0.107448129596839,11.5472071849524,0.107448129596839
-0.25,-0.916666666666667,10.9027777777778,10.7958787936869,0.011427392799659,10.7958787936869,0.011427392799659,10.7958787936869,0.011427392799659
-0.25,-0.833333333333333,9.98611111111111,10.0464232833844,0.00363755812432006,10.0464232833844,0.00363755812432006,10.0464232833844,0.00363755812432006
-0.25,-0.75,9.125,9.3004996709436,0.0308001345013118,9.3004996709436,0.0308001345013118,9.3004996709436,0.0308001345013118
-0.25,-0.666666666666667,8.31944444444444,8.56001544041552,0.0578744041025147,8.56001544041552,0.0578744041025147,8.56001544041552,0.0578744041025147
-0.25,-0.583333333333333,7.56944444444444,7.82750814724143,0.0665968747012911,7.82750814724143,0.0665968747012911,7.82750814724143,0.0665968747012911
-0.25,-0.5,6.875,7.10683473003015,0.0537473420481547,7.10683473003015,0.0537473420481547,7.10683473003015,0.0537473420481547
-0.25,-0.416666666666667,6.23611111111111,6.40423731077541,0.0282664190135589,6.40423731077541,0.0282664190135589,6.40423731077541,0.0282664190135589
-0.25,-0.333333333333333,5.65277777777778,5.72967768608831,0.00591359589816805,5.72967768608831,0.00591359589816805,5.72967768608831,0.00591359589816805
-0.25,-0.25,5.125,5.09792287109589,0.000733170909690021,5.09792287109589,0.000733170909690021,5.09792287109589,0.000733170909690021
-0.25,-0.166666666666667,4.65277777777778,4.52828811055588,0.0154976772450195,4.52828811055588,0.0154976772450195,4.52828811055588,0.0154976772450195
-0.25,-0.0833333333333333,4.23611111111111,4.0417370564045,0.0377812731430871,4.0417370564045,0.0377812731430871,4.0417370564045,0.0377812731430871
-0.25,0,3.875,3.65514788593197,0.0483349520601821,3.65514788593197,0.0483349520601821,3.65514788593197,0.0483349520601821
-0.25,0.0833333333333333,3.56944444444444,3.37507016485666,0.0377813605652694,3.37507016485666,0.0377813605652694,3.37507016485666,0.0377813605652694
-0.25,0.166666666666667,3.31944444444444,3.19495436179144,0.0154977806789524,3.19495436179144,0.0154977806789524,3.19495436179144,0.0154977806789524
-0.25,0.25,3.125,3.09792232550507,0.000733200456053643,3.09792232550507,0.000733200456053643,3.09792232550507,0.000733200456053643
-0.25,0.333333333333333,2.98611111111111,3.06301041745948,0.00591350331686077,3.06301041745948,0.00591350331686077,3.06301041745948,0.00591350331686077
-0.25,0.416666666666667,2.90277777777778,3.07090339425527,0.0282662229159357,3.07090339425527,0.0282662229159357,3.07090339425527,0.0282662229159357
-0.25,0.5,2.875,3.10683423392918,0.0537471120215317,3.10683423392918,0.0537471120215317,3.10683423392918,0.0537471120215317
-0.25,0.583333333333333,2.90277777777778,3.16084112925973,0.0665966933780965,3.16084112925973,0.0665966933780965,3.16084112925973,0.0665966933780965
-0.25,0.666666666666667,2.98611111111111,3.22668194717516,0.0578743271645573,3.22668194717516,0.0578743271645573,3.22668194717516,0.0578743271645573
-0.25,0.75,3.125,3.30049973932454,0.0308001585029812,3.30049973932454,0.0308001585029812,3.30049973932454,0.0308001585029812
-0.25,0.833333333333333,3.31944444444444,3.37975694250278,0.0036375974220362,3.37975694250278,0.0036375974220362,3.37975694250278,0.0036375974220362
-0.25,0.916666666666667,3.56944444444444,3.46254606685069,0.0114272631321763,3.46254606685069,0.0114272631321763,3.46254606685069,0.0114272631321763
-0.25,1,3.875,3.54720809130944,0.107447535403001,3.54720809130944,0.107447535403001,3.54720809130944,0.107447535403001
-0.166666666666667,-1,11.9444444444444,11.6734202137514,0.0734541336227717,11.6734202137514,0.0734541336227717,11.6734202137514,0.0734541336227717
-0.166666666666667,-0.916666666666667,10.9722222222222,10.9220918224442,0.0025130569819032,10.9220918224442,0.0025130569819032,10.9220918224442,0.0025130569819032
-0.166666666666667,-0.833333333333333,10.0555555555556,10.1726363120931,0.0137079035514131,10.1726363120931,0.0137079035514131,10.1726363120931,0.0137079035514131
-0.166666666666667,-0.75,9.19444444444444,9.42671269959554,0.0539485423509331,9.42671269959554,0.0539485423509331,9.42671269959554,0.0539485423509331
-0.166666666666667,-0.666666666666667,8.38888888888889,8.68622846900032,0.0884108259008405,8.68622846900032,0.0884108259008405,8.68622846900032,0.0884108259008405
-0.166666666666667,-0.583333333333333,7.63888888888889,7.95372117574598,0.0991193688476673,7.95372117574598,0.0991193688476673,7.95372117574598,0.0991193688476673
-0.166666666666667,-0.5,6.94444444444444,7.23304775843771,0.0832918728478938,7.23304775843771,0.0832918728478938,7.23304775843771,0.0832918728478938
-0.166666666666667,-0.416666666666667,6.30555555555556,6.5304503390648,0.0505776636496682,6.5304503390648,0.0505776636496682,6.5304503390648,0.0505776636496682
-0.166666666666667,-0.333333333333333,5.72222222222222,5.85589071423373,0.0178672657566316,5.85589071423373,0.0178672657566316,5.85589071423373,0.0178672657566316
-0.166666666666667,-0.25,5.19444444444444,5.22413589906797,0.000881582477661119,5.22413589906797,0.000881582477661119,5.22413589906797,0.000881582477661119
-0.166666666666667,-0.166666666666667,4.72222222222222,4.65450113832472,0.0045861452042531,4.65450113832472,0.0045861452042531,4.65450113832472,0.0045861452042531
-0.166666666666667,-0.0833333333333333,4.30555555555556,4.16795008394484,0.0189352658172082,4.16795008394484,0.0189352658172082,4.16795008394484,0.0189352658172082
-0.166666666666667,0,3.94444444444444,3.7813609132292,0.0265962381536339,3.7813609132292,0.0265962381536339,3.7813609132292,0.0265962381536339
-0.166666666666667,0.0833333333333333,3.63888888888889,3.501283191911,0.0189353278407714,3.501283191911,0.0189353278407714,3.501283191911,0.0189353278407714
-0.166666666666667,0.166666666666667,3.38888888888889,3.32116738861787,0.00458620159895828,3.32116738861787,0.00458620159895828,3.32116738861787,0.00458620159895828
-0.166666666666667,0.25,3.19444444444444,3.22413535212916,0.000881549999142397,3.22413535212916,0.000881549999142397,3.22413535212916,0.000881549999142397
-0.166666666666667,0.333333333333333,3.05555555555556,3.1892234439114,0.0178671043775106,3.1892234439114,0.0178671043775106,3.1892234439114,0.0178671043775106
-0.166666666666667,0.416666666666667,2.97222222222222,3.19711642056455,0.0505774004480393,3.19711642056455,0.0505774004480393,3.19711642056455,0.0505774004480393
-0.166666666666667,0.5,2.94444444444444,3.23304726012174,0.0832915852168648,3.23304726012174,0.0832915852168648,3.23304726012174,0.0832915852168648
-0.166666666666667,0.583333333333333,2.97222222222222,3.28705415535679,0.099119146121252,3.28705415535679,0.099119146121252,3.28705415535679,0.099119146121252
-0.166666666666667,0.666666666666667,3.05555555555556,3.35289497319354,0.088410729281294,3.35289497319354,0.088410729281294,3.35289497319354,0.088410729281294
-0.166666666666667,0.75,3.19444444444444,3.42671276527736,0.05394857286254,3.42671276527736,0.05394857286254,3.42671276527736,0.05394857286254
-0.166666666666667,0.833333333333333,3.38888888888889,3.50596996840037,0.0137079791795747,3.50596996840037,0.0137079791795747,3.50596996840037,0.0137079791795747
-0.166666666666667,0.916666666666667,3.63888888888889,3.58875909270138,0.00251299646580154,3.58875909270138,0.00251299646580154,3.58875909270138,0.00251299646580154
-0.166666666666667,1,3.94444444444444,3.67342111712006,0.0734536439539812,3.67342111712006,0.0734536439539812,3.67342111712006,0.0734536439539812
-0.0833333333333333,-1,11.9861111111111,11.7564701055247,0.0527349914467166,11.7564701055247,0.0527349914467166,11.7564701055247,0.0527349914467166
-0.0833333333333333,-0.916666666666667,11.0138888888889,11.0051417141889,7.651306523123e-05,11.0051417141889,7.651306523123e-05,11.0051417141889,7.651306523123e-05
-0.0833333333333333,-0.833333333333333,10.0972222222222,10.2556862038048,0.0251108334590082,10.2556862038048,0.0251108334590082,10.2556862038048,0.0251108334590082
-0.0833333333333333,-0.75,9.23611111111111,9.50976259126878,0.0748851325924813,9.50976259126878,0.0748851325924813,9.50976259126878,0.0748851325924813
-0.0833333333333333,-0.666666666666667,8.43055555555555,8.76927836062844,0.114733138676444,8.76927836062844,0.114733138676444,8.76927836062844,0.114733138676444
-0.0833333333333333,-0.583333333333333,7.68055555555556,8.03677106732051,0.126889490821971,8.03677106732051,0.126889490821971,8.03677106732051,0.126889490821971
-0.0833333333333333,-0.5,6.98611111111111,7.31609764994781,0.108891115813425,7.31609764994781,0.108891115813425,7.31609764994781,0.108891115813425
-0.0833333333333333,-0.416666666666667,6.34722222222222,6.61350023049678,0.0709039776906635,6.61350023049678,0.0709039776906635,6.61350023049678,0.0709039776906635
-0.0833333333333333,-0.333333333333333,5.76388888888889,5.93894060557091,0.0306431035133229,5.93894060557091,0.0306431035133229,5.93894060557091,0.0306431035133229
-0.0833333333333333,-0.25,5.23611111111111,5.30718579029136,0.00505161002057523,5.30718579029136,0.00505161002057523,5.30718579029136,0.00505161002057523
-0.0833333333333333,-0.166666666666667,4.76388888888889,4.737551029415,0.00069368284166657,4.737551029415,0.00069368284166657,4.737551029415,0.00069368284166657
-0.0833333333333333,-0.0833333333333333,4.34722222222222,4.25099997488574,0.00925872088248329,4.25099997488574,0.00925872088248329,4.25099997488574,0.00925872088248329
-0.0833333333333333,0,3.98611111111111,3.86441080401136,0.0148109647481731,3.86441080401136,0.0148109647481731,3.86441080401136,0.0148109647481731
-0.0833333333333333,0.0833333333333333,3.68055555555556,3.58433308253466,0.00925876431425668,3.58433308253466,0.00925876431425668,3.58433308253466,0.00925876431425668
-0.0833333333333333,0.166666666666667,3.43055555555556,3.40421727909284,0.000693704807026543,3.40421727909284,0.000693704807026543,3.40421727909284,0.000693704807026543
-0.0833333333333333,0.25,3.23611111111111,3.30718524247209,0.00505153214871793,3.30718524247209,0.00505153214871793,3.30718524247209,0.00505153214871793
-0.0833333333333333,0.333333333333333,3.09722222222222,3.27227333414188,0.0306428917843081,3.27227333414188,0.0306428917843081,3.27227333414188,0.0306428917843081
-0.0833333333333333,0.416666666666667,3.01388888888889,3.28016631070176,0.0709036653673091,3.28016631070176,0.0709036653673091,3.28016631070176,0.0709036653673091
-0.0833333333333333,0.5,2.98611111111111,3.31609715018249,0.108890785982014,3.31609715018249,0.108890785982014,3.31609715018249,0.108890785982014
-0.0833333333333333,0.583333333333333,3.01388888888889,3.37010404535484,0.126889237696065,3.37010404535484,0.126889237696065,3.37010404535484,0.126889237696065
-0.0833333333333333,0.666666666666667,3.09722222222222,3.43594486313979,0.114733027470169,3.43594486313979,0.114733027470169,3.43594486313979,0.114733027470169
-0.0833333333333333,0.75,3.23611111111111,3.50976265518032,0.0748851675714631,3.50976265518032,0.0748851675714631,3.50976265518032,0.0748851675714631
-0.0833333333333333,0.833333333333333,3.43055555555556,3.58901985826676,0.0251109352337478,3.58901985826676,0.0251109352337478,3.58901985826676,0.0251109352337478
-0.0833333333333333,0.916666666666667,3.68055555555556,3.67180898253656,7.65025395765774e-05,3.67180898253656,7.65025395765774e-05,3.67180898253656,7.65025395765774e-05
-0.0833333333333333,1,3.98611111111111,3.75647100692848,0.0527345774490077,3.75647100692848,0.0527345774490077,3.75647100692848,0.0527345774490077
0,-1,12,11.7855744993667,0.0459782953218453,11.7855744993667,0.0459782953218453,11.7855744993667,0.0459782953218453
0,-0.916666666666667,11.0277777777778,11.0342461080188,4.18392961068049e-05,11.0342461080188,4.18392961068049e-05,11.0342461080188,4.18392961068049e-05
0,-0.833333333333333,10.1111111111111,10.2847905976211,0.0301645640343792,10.2847905976211,0.0301645640343792,10.2847905976211,0.0301645640343792
0,-0.75,9.25,9.53886698506981,0.0834441350633194,9.53886698506981,0.0834441350633194,9.53886698506981,0.0834441350633194
0,-0.666666666666667,8.44444444444444,8.79838275441204,0.125272327262715,8.79838275441204,0.125272327262715,8.79838275441204,0.125272327262715
0,-0.583333333333333,7.69444444444444,8.06587546108394,0.137961000121848,8.06587546108394,0.137961000121848,8.06587546108394,0.137961000121848
0,-0.5,7,7.34520204368756,0.11916445096607,7.34520204368756,0.11916445096607,7.34520204368756,0.11916445096607
0,-0.416666666666667,6.36111111111111,6.64260462420844,0.0792385979158768,6.64260462420844,0.0792385979158768,6.64260462420844,0.0792385979158768
0,-0.333333333333333,5.77777777777778,5.96804499924913,0.0362016155664281,5.96804499924913,0.0362016155664281,5.96804499924913,0.0362016155664281
0,-0.25,5.25,5.33629018393004,0.00744599584267938,5.33629018393004,0.00744599584267938,5.33629018393004,0.00744599584267938
0,-0.166666666666667,4.77777777777778,4.76665542300797,0.000123706775625541,4.76665542300797,0.000123706775625541,4.76665542300797,0.000123706775625541
0,-0.0833333333333333,4.36111111111111,4.28010436842786,0.00656209236015005,4.28010436842786,0.00656209236015005,4.28010436842786,0.00656209236015005
0,0,4,3.89351519749977,0.0113390131635126,3.89351519749977,0.0113390131635126,3.89351519749977,0.0113390131635126
0,0.0833333333333333,3.69444444444444,3.61343747596961,0.00656212894148225,3.61343747596961,0.00656212894148225,3.61343747596961,0.00656212894148225
0,0.166666666666667,3.44444444444444,3.43332167247769,0.000123716056224526,3.43332167247769,0.000123716056224526,3.43332167247769,0.000123716056224526
0,0.25,3.25,3.33628963581238,0.00744590124863324,3.33628963581238,0.00744590124863324,3.33628963581238,0.00744590124863324
0,0.333333333333333,3.11111111111111,3.30137772744407,0.0362013852907938,3.30137772744407,0.0362013852907938,3.30137772744407,0.0362013852907938
0,0.416666666666667,3.02777777777778,3.30927070397215,0.0792382674974721,3.30927070397215,0.0792382674974721,3.30927070397215,0.0792382674974721
0,0.5,3,3.34520154342658,0.119164105584096,3.34520154342658,0.119164105584096,3.34520154342658,0.119164105584096
0,0.583333333333333,3.02777777777778,3.39920843857715,0.137960735781858,3.39920843857715,0.137960735781858,3.39920843857715,0.137960735781858
0,0.666666666666667,3.11111111111111,3.46504925634385,0.125272210650794,3.46504925634385,0.125272210650794,3.46504925634385,0.125272210650794
0,0.75,3.25,3.53886704836893,0.0834441716333767,3.53886704836893,0.0834441716333767,3.53886704836893,0.0834441716333767
0,0.833333333333333,3.44444444444444,3.61812425144209,0.0301646753587391,3.61812425144209,0.0301646753587391,3.61812425144209,0.0301646753587391
0,0.916666666666667,3.69444444444444,3.70091337570037,4.18470715938915e-05,3.70091337570037,4.18470715938915e-05,3.70091337570037,4.18470715938915e-05
0,1,4,3.78557540008221,0.0459779090499031,3.78557540008221,0.0459779090499031,3.78557540008221,0.0459779090499031
0.0833333333333333,-1,11.9861111111111,11.7564701055384,0.0527349914404411,11.7564701055384,0.0527349914404411,11.7564701055384,0.0527349914404411
0.0833333333333333,-0.916666666666667,11.0138888888889,11.0051417141965,7.65130650999019e-05,11.0051417141965,7.65130650999019e-05,11.0051417141965,7.65130650999019e-05
0.0833333333333333,-0.833333333333333,10.0972222222222,10.2556862038065,0.0251108334595447,10.2556862038065,0.0251108334595447,10.2556862038065,0.0251108334595447
0.0833333333333333,-0.75,9.23611111111111,9.50976259126508,0.0748851325904581,9.50976259126508,0.0748851325904581,9.50976259126508,0.0748851325904581
0.0833333333333333,-0.666666666666667,8.43055555555555,8.76927836061989,0.11473313867065,8.76927836061989,0.11473313867065,8.76927836061989,0.11473313867065
0.0833333333333333,-0.583333333333333,7.68055555555556,8.03677106730778,0.1268894908129,8.03677106730778,0.1268894908129,8.03677106730778,0.1268894908129
0.0833333333333333,-0.5,6.98611111111111,7.31609764993177,0.108891115802841,7.31609764993177,0.108891115802841,7.31609764993177,0.108891115802841
0.0833333333333333,-0.416666666666667,6.34722222222222,6.61350023047856,0.0709039776809622,6.61350023047856,0.0709039776809622,6.61350023047856,0.0709039776809622
0.0833333333333333,-0.333333333333333,5.76388888888889,5.93894060555191,0.0306431035066722,5.93894060555191,0.0306431035066722,5.93894060555191,0.0306431035066722
0.0833333333333333,-0.25,5.23611111111111,5.30718579027323,0.005051610017998,5.30718579027323,0.005051610017998,5.30718579027323,0.005051610017998
0.0833333333333333,-0.166666666666667,4.76388888888889,4.7375510293995,0.000693682842482789,4.7375510293995,0.000693682842482789,4.7375510293995,0.000693682842482789
0.0833333333333333,-0.0833333333333333,4.34722222222222,4.25099997487452,0.0092587208846419,4.25099997487452,0.0092587208846419,4.25099997487452,0.0092587208846419
0.0833333333333333,0,3.98611111111111,3.86441080400563,0.014810964749568,3.86441080400563,0.014810964749568,3.86441080400563,0.014810964749568
0.0833333333333333,0.0833333333333333,3.68055555555556,3.58433308253493,0.00925876431420455,3.58433308253493,0.00925876431420455,3.58433308253493,0.00925876431420455
0.0833333333333333,0.166666666666667,3.43055555555556,3.40421727909887,0.000693704806708678,3.40421727909887,0.000693704806708678,3.40421727909887,0.000693704806708678
0.0833333333333333,0.25,3.23611111111111,3.30718524248305,0.00505153215027564,3.30718524248305,0.00505153215027564,3.30718524248305,0.00505153215027564
0.0833333333333333,0.333333333333333,3.09722222222222,3.27227333415659,0.0306428917894601,3.27227333415659,0.0306428917894601,3.27227333415659,0.0306428917894601
0.0833333333333333,0.416666666666667,3.01388888888889,3.280166310719,0.0709036653764918,3.280166310719,0.0709036653764918,3.280166310719,0.0709036653764918
0.0833333333333333,0.5,2.98611111111111,3.31609715020113,0.108890785994316,3.31609715020113,0.108890785994316,3.31609715020113,0.108890785994316
0.0833333333333333,0.583333333333333,3.01388888888889,3.37010404537393,0.126889237709666,3.37010404537393,0.126889237709666,3.37010404537393,0.126889237709666
0.0833333333333333,0.666666666666667,3.09722222222222,3.43594486315857,0.114733027482891,3.43594486315857,0.114733027482891,3.43594486315857,0.114733027482891
0.0833333333333333,0.75,3.23611111111111,3.50976265519819,0.0748851675812406,3.50976265519819,0.0748851675812406,3.50976265519819,0.0748851675812406
0.0833333333333333,0.833333333333333,3.43055555555556,3.58901985828323,0.0251109352389685,3.58901985828323,0.0251109352389685,3.58901985828323,0.0251109352389685
0.0833333333333333,0.916666666666667,3.68055555555556,3.67180898255125,7.65025393195716e-05,3.67180898255125,7.65025393195716e-05,3.67180898255125,7.65025393195716e-05
0.0833333333333333,1,3.98611111111111,3.75647100694107,0.0527345774432266,3.75647100694107,0.0527345774432266,3.75647100694107,0.0527345774432266
0.166666666666667,-1,11.9444444444444,11.6734202137794,0.0734541336076046,11.6734202137794,0.0734541336076046,11.6734202137794,0.0734541336076046
0.166666666666667,-0.916666666666667,10.9722222222222,10.9220918224603,0.00251305698029265,10.9220918224603,0.00251305698029265,10.9220918224603,0.00251305698029265
0.166666666666667,-0.833333333333333,10.0555555555556,10.1726363120979,0.0137079035525378,10.1726363120979,0.0137079035525378,10.1726363120979,0.0137079035525378
0.166666666666667,-0.75,9.19444444444444,9.42671269958987,0.0539485423483016,9.42671269958987,0.0539485423483016,9.42671269958987,0.0539485423483016
0.166666666666667,-0.666666666666667,8.38888888888889,8.68622846898519,0.0884108258918476,8.68622846898519,0.0884108258918476,8.68622846898519,0.0884108258918476
0.166666666666667,-0.583333333333333,7.63888888888889,7.9537211757227,0.0991193688330059,7.9537211757227,0.0991193688330059,7.9537211757227,0.0991193688330059
0.166666666666667,-0.5,6.94444444444444,7.23304775840792,0.0832918728307006,7.23304775840792,0.0832918728307006,7.23304775840792,0.0832918728307006
0.166666666666667,-0.416666666666667,6.30555555555556,6.53045033903064,0.050577663634306,6.53045033903064,0.050577663634306,6.53045033903064,0.050577663634306
0.166666666666667,-0.333333333333333,5.72222222222222,5.85589071419787,0.0178672657470441,5.85589071419787,0.0178672657470441,5.85589071419787,0.0178672657470441
0.166666666666667,-0.25,5.19444444444444,5.22413589903353,0.00088158247561576,5.22413589903353,0.00088158247561576,5.22413589903353,0.00088158247561576
0.166666666666667,-0.166666666666667,4.72222222222222,4.65450113829505,0.00458614520827066,4.65450113829505,0.00458614520827066,4.65450113829505,0.00458614520827066
0.166666666666667,-0.0833333333333333,4.30555555555556,4.16795008392309,0.0189352658231939,4.16795008392309,0.0189352658231939,4.16795008392309,0.0189352658231939
0.166666666666667,0,3.94444444444444,3.78136091321767,0.0265962381573952,3.78136091321767,0.0265962381573952,3.78136091321767,0.0265962381573952
0.166666666666667,0.0833333333333333,3.63888888888889,3.50128319191068,0.0189353278408598,3.50128319191068,0.0189353278408598,3.50128319191068,0.0189353278408598
0.166666666666667,0.166666666666667,3.38888888888889,3.32116738862832,0.0045862015975425,3.32116738862832,0.0045862015975425,3.32116738862832,0.0045862015975425
0.166666666666667,0.25,3.19444444444444,3.22413535214881,0.000881550000309068,3.22413535214881,0.000881550000309068,3.22413535214881,0.000881550000309068
0.166666666666667,0.333333333333333,3.05555555555556,3.18922344393804,0.017867104384632,3.18922344393804,0.017867104384632,3.18922344393804,0.017867104384632
0.166666666666667,0.416666666666667,2.97222222222222,3.19711642059585,0.0505774004621166,3.19711642059585,0.0505774004621166,3.19711642059585,0.0505774004621166
0.166666666666667,0.5,2.94444444444444,3.23304726015557,0.0832915852363885,3.23304726015557,0.0832915852363885,3.23304726015557,0.0832915852363885
0.166666666666667,0.583333333333333,2.97222222222222,3.28705415539135,0.0991191461430103,3.28705415539135,0.0991191461430103,3.28705415539135,0.0991191461430103
0.166666666666667,0.666666666666667,3.05555555555556,3.35289497322738,0.088410729301419,3.35289497322738,0.088410729301419,3.35289497322738,0.088410729301419
0.166666666666667,0.75,3.19444444444444,3.42671276530934,0.0539485728773989,3.42671276530934,0.0539485728773989,3.42671276530934,0.0539485728773989
0.166666666666667,0.833333333333333,3.38888888888889,3.5059699684296,0.0137079791864183,3.5059699684296,0.0137079791864183,3.5059699684296,0.0137079791864183
0.166666666666667,0.916666666666667,3.63888888888889,3.5887590927271,0.00251299646322203,3.5887590927271,0.00251299646322203,3.5887590927271,0.00251299646322203
0.166666666666667,1,3.94444444444444,3.67342111714167,0.0734536439422655,3.67342111714167,0.0734536439422655,3.67342111714167,0.0734536439422655
0.25,-1,11.875,11.5472071849958,0.107448129568347,11.5472071849958,0.107448129568347,11.5472071849958,0.107448129568347
0.25,-0.916666666666667,10.9027777777778,10.7958787937134,0.0114273927940044,10.7958787937134,0.0114273927940044,10.7958787937134,0.0114273927940044
0.25,-0.833333333333333,9.98611111111111,10.0464232833947,0.0036375581255667,10.0464232833947,0.0036375581255667,10.0464232833947,0.0036375581255667
0.25,-0.75,9.125,9.30049967093893,0.0308001344996726,9.30049967093893,0.0308001344996726,9.30049967093893,0.0308001344996726
0.25,-0.666666666666667,8.31944444444444,8.56001544039724,0.0578744040937192,8.56001544039724,0.0578744040937192,8.56001544039724,0.0578744040937192
0.25,-0.583333333333333,7.56944444444444,7.82750814721132,0.0665968746857531,7.82750814721132,0.0665968746857531,7.82750814721132,0.0665968746857531
0.25,-0.5,6.875,7.10683472999053,0.05374734202978,7.10683472999053,0.05374734202978,7.10683472999053,0.05374734202978
0.25,-0.416666666666667,6.23611111111111,6.40423731072921,0.0282664189980234,6.40423731072921,0.0282664189980234,6.40423731072921,0.0282664189980234
0.25,-0.333333333333333,5.65277777777778,5.72967768603921,0.00591359589061753,5.72967768603921,0.00591359589061753,5.72967768603921,0.00591359589061753
0.25,-0.25,5.125,5.09792287104824,0.000733170912270225,5.09792287104824,0.000733170912270225,5.09792287104824,0.000733170912270225
0.25,-0.166666666666667,4.65277777777778,4.52828811051434,0.0154976772553619,4.52828811051434,0.0154976772553619,4.52828811051434,0.0154976772553619
0.25,-0.0833333333333333,4.23611111111111,4.04173705637343,0.0377812731551687,4.04173705637343,0.0377812731551687,4.04173705637343,0.0377812731551687
0.25,0,3.875,3.65514788591457,0.0483349520678337,3.65514788591457,0.0483349520678337,3.65514788591457,0.0483349520678337
0.25,0.0833333333333333,3.56944444444444,3.37507016485435,0.0377813605661698,3.37507016485435,0.0377813605661698,3.37507016485435,0.0377813605661698
0.25,0.166666666666667,3.31944444444444,3.19495436180364,0.0154977806759155,3.19495436180364,0.0154977806759155,3.19495436180364,0.0154977806759155
0.25,0.25,3.125,3.09792232552962,0.000733200454723737,3.09792232552962,0.000733200454723737,3.09792232552962,0.000733200454723737
0.25,0.333333333333333,2.98611111111111,3.06301041749338,0.00591350332207407,3.06301041749338,0.00591350332207407,3.06301041749338,0.00591350332207407
0.25,0.416666666666667,2.90277777777778,3.0709033942953,0.028266222929396,3.0709033942953,0.028266222929396,3.0709033942953,0.028266222929396
0.25,0.5,2.875,3.10683423397241,0.0537471120415752,3.10683423397241,0.0537471120415752,3.10683423397241,0.0537471120415752
0.25,0.583333333333333,2.90277777777778,3.16084112930368,0.0665966934007804,3.16084112930368,0.0665966934007804,3.16084112930368,0.0665966934007804
0.25,0.666666666666667,2.98611111111111,3.22668194721785,0.0578743271850937,3.22668194721785,0.0578743271850937,3.22668194721785,0.0578743271850937
0.25,0.75,3.125,3.30049973936438,0.0308001585169659,3.30049973936438,0.0308001585169659,3.30049973936438,0.0308001585169659
0.25,0.833333333333333,3.31944444444444,3.37975694253853,0.00363759742634882,3.37975694253853,0.00363759742634882,3.37975694253853,0.00363759742634882
0.25,0.916666666666667,3.56944444444444,3.46254606688134,0.0114272631256244,3.46254606688134,0.0114272631256244,3.46254606688134,0.0114272631256244
0.25,1,3.875,3.54720809133413,0.107447535386816,3.54720809133413,0.107447535386816,3.54720809133413,0.107447535386816
0.333333333333333,-1,11.7777777777778,11.3907416950168,0.149796929358929,11.3907416950168,0.149796929358929,11.3907416950168,0.149796929358929
0.333333333333333,-0.916666666666667,10.8055555555556,10.6394133037807,0.0276032478248131,10.6394133037807,0.0276032478248131,10.6394133037807,0.0276032478248131
0.333333333333333,-0.833333333333333,9.88888888888889,9.88995779351716,1.14255710433163e-06,9.88995779351716,1.14255710433163e-06,9.88995779351716,1.14255710433163e-06
0.333333333333333,-0.75,9.02777777777778,9.14403418112704,0.0135155513197053,9.14403418112704,0.0135155513197053,9.14403418112704,0.0135155513197053
0.333333333333333,-0.666666666666667,8.22222222222222,8.40354995066418,0.0328797451019214,8.40354995066418,0.0328797451019214,8.40354995066418,0.0328797451019214
0.333333333333333,-0.583333333333333,7.47222222222222,7.67104265757384,0.0395295655134063,7.67104265757384,0.0395295655134063,7.67104265757384,0.0395295655134063
0.333333333333333,-0.5,6.77777777777778,6.95036924047001,0.0297878129942428,6.95036924047001,0.0297878129942428,6.95036924047001,0.0297878129942428
0.333333333333333,-0.416666666666667,6.13888888888889,6.2477718213527,0.0118554929819183,6.2477718213527,0.0118554929819183,6.2477718213527,0.0118554929819183
0.333333333333333,-0.333333333333333,5.55555555555556,5.5732121968397,0.000311756981437084,5.5732121968397,0.000311756981437084,5.5732121968397,0.000311756981437084
0.333333333333333,-0.25,5.02777777777778,4.94145738206334,0.00745121071629683,4.94145738206334,0.00745121071629683,4.94145738206334,0.00745121071629683
0.333333333333333,-0.166666666666667,4.55555555555556,4.37182262178242,0.033757790952882,4.37182262178242,0.033757790952882,4.37182262178242,0.033757790952882
0.333333333333333,-0.0833333333333333,4.13888888888889,3.88527156792702,0.0643217454918783,3.88527156792702,0.0643217454918783,3.88527156792702,0.0643217454918783
0.333333333333333,0,3.77777777777778,3.49868239777267,0.0778942311401932,3.49868239777267,0.0778942311401932,3.49868239777267,0.0778942311401932
0.333333333333333,0.0833333333333333,3.47222222222222,3.21860467701714,0.0643218592358519,3.21860467701714,0.0643218592358519,3.21860467701714,0.0643218592358519
0.333333333333333,0.166666666666667,3.22222222222222,3.03848887425242,0.0337579431561907,3.03848887425242,0.0337579431561907,3.03848887425242,0.0337579431561907
0.333333333333333,0.25,3.02777777777778,2.94145683823215,0.00745130460403968,2.94145683823215,0.00745130460403968,2.94145683823215,0.00745130460403968
0.333333333333333,0.333333333333333,2.88888888888889,2.90654493041148,0.000311735802247404,2.90654493041148,0.000311735802247404,2.90654493041148,0.000311735802247404
0.333333333333333,0.416666666666667,2.80555555555556,2.91443790739149,0.0118553665413238,2.91443790739149,0.0118553665413238,2.91443790739149,0.0118553665413238
0.333333333333333,0.5,2.77777777777778,2.9503687472138,0.0297876427308653,2.9503687472138,0.0297876427308653,2.9503687472138,0.0297876427308653
0.333333333333333,0.583333333333333,2.80555555555556,3.00437564266327,0.0395294270375195,3.00437564266327,0.0395294270375195,3.00437564266327,0.0395294270375195
0.333333333333333,0.666666666666667,2.88888888888889,3.07021646067429,0.0328796882895886,3.07021646067429,0.0328796882895886,3.07021646067429,0.0328796882895886
0.333333333333333,0.75,3.02777777777778,3.14403425290096,0.013515568008068,3.14403425290096,0.013515568008068,3.14403425290096,0.013515568008068
0.333333333333333,0.833333333333333,3.22222222222222,3.2232914561421,1.14326117540891e-06,3.2232914561421,1.14326117540891e-06,3.2232914561421,1.14326117540891e-06
0.333333333333333,0.916666666666667,3.47222222222222,3.30608058054133,0.027603045100423,3.30608058054133,0.027603045100423,3.30608058054133,0.027603045100423
0.333333333333333,1,3.77777777777778,3.39074260504181,0.149796224934757,3.39074260504181,0.149796224934757,3.39074260504181,0.149796224934757
0.416666666666667,-1,11.6527777777778,11.2152950234897,0.191391160299471,11.2152950234897,0.191391160299471,11.2152950234897,0.191391160299471
0.416666666666667,-0.916666666666667,10.6805555555556,10.4639666323062,0.0469107616743169,10.4639666323062,0.0469107616743169,10.4639666323062,0.0469107616743169
0.416666666666667,-0.833333333333333,9.76388888888889,9.71451112210498,0.00243816385256594,9.71451112210498,0.00243816385256594,9.71451112210498,0.00243816385256594
0.416666666666667,-0.75,8.90277777777778,8.96858750978902,0.00433092082739156,8.96858750978902,0.00433092082739156,8.96858750978902,0.00433092082739156
0.416666666666667,-0.666666666666667,8.09722222222222,8.22810327941503,0.0171298511319074,8.22810327941503,0.0171298511319074,8.22810327941503,0.0171298511319074
0.416666666666667,-0.583333333333333,7.34722222222222,7.49559598643222,0.0220147739058451,7.49559598643222,0.0220147739058451,7.49559598643222,0.0220147739058451
0.416666666666667,-0.5,6.65277777777778,6.77492256945981,0.0149193501350475,6.77492256945981,0.0149193501350475,6.77492256945981,0.0149193501350475
0.416666666666667,-0.416666666666667,6.01388888888889,6.07232515050411,0.00341479667156281,6.07232515050411,0.00341479667156281,6.07232515050411,0.00341479667156281
0.416666666666667,-0.333333333333333,5.43055555555556,5.39776552618954,0.00107518602582406,5.39776552618954,0.00107518602582406,5.39776552618954,0.00107518602582406
0.416666666666667,-0.25,4.90277777777778,4.76601071165358,0.0187052303762211,4.76601071165358,0.0187052303762211,4.76601071165358,0.0187052303762211
0.416666666666667,-0.166666666666667,4.43055555555556,4.19637595165586,0.0548400868826176,4.19637595165586,0.0548400868826176,4.19637595165586,0.0548400868826176
0.416666666666667,-0.0833333333333333,4.01388888888889,3.70982489811992,0.0924549104823494,3.70982489811992,0.0924549104823494,3.70982489811992,0.0924549104823494
0.416666666666667,0,3.65277777777778,3.32323572830623,0.108597962369908,3.32323572830623,0.108597962369908,3.32323572830623,0.108597962369908
0.416666666666667,0.0833333333333333,3.34722222222222,3.04315800789148,0.0924550464365727,3.04315800789148,0.0924550464365727,3.04315800789148,0.0924550464365727
0.416666666666667,0.166666666666667,3.09722222222222,2.86304220544663,0.054840280257019,2.86304220544663,0.054840280257019,2.86304220544663,0.054840280257019
0.416666666666667,0.25,2.90277777777778,2.76601016971016,0.0187053786165379,2.76601016971016,0.0187053786165379,2.76601016971016,0.0187053786165379
0.416666666666667,0.333333333333333,2.76388888888889,2.73109826213064,0.00107522520319846,2.73109826213064,0.00107522520319846,2.73109826213064,0.00107522520319846
0.416666666666667,0.416666666666667,2.68055555555556,2.73899123930995,0.00341472913584352,2.73899123930995,0.00341472913584352,2.73899123930995,0.00341472913584352
0.416666666666667,0.5,2.65277777777778,2.77492207929481,0.0149192303930837,2.77492207929481,0.0149192303930837,2.77492207929481,0.0149192303930837
0.416666666666667,0.583333333333333,2.68055555555556,2.82892897487669,0.0220146715610463,2.82892897487669,0.0220146715610463,2.82892897487669,0.0220146715610463
0.416666666666667,0.666666666666667,2.76388888888889,2.89476979299627,0.0171298110599651,2.89476979299627,0.0171298110599651,2.89476979299627,0.0171298110599651
0.416666666666667,0.75,2.90277777777778,2.96858758531285,0.00433093076780309,2.96858758531285,0.00433093076780309,2.96858758531285,0.00433093076780309
0.416666666666667,0.833333333333333,3.09722222222222,3.04784478862919,0.00243813094823406,3.04784478862919,0.00243813094823406,3.04784478862919,0.00243813094823406
0.416666666666667,0.916666666666667,3.34722222222222,3.13063391309184,0.0469104956519594,3.13063391309184,0.0469104956519594,3.13063391309184,0.0469104956519594
0.416666666666667,1,3.65277777777778,3.215295937646,0.191390360445087,3.215295937646,0.191390360445087,3.215295937646,0.191390360445087
0.5,-1,11.5,11.0288783784053,0.221955582333981,11.0288783784053,0.221955582333981,11.0288783784053,0.221955582333981
0.5,-0.916666666666667,10.5277777777778,10.2775499872781,0.0626139471383334,10.2775499872781,0.0626139471383334,10.2775499872781,0.0626139471383334
0.5,-0.833333333333333,9.61111111111111,9.52809447714356,0.00689176151530265,9.52809447714356,0.00689176151530265,9.52809447714356,0.00689176151530265
0.5,-0.75,8.75,8.78217086490674,0.00103496454884765,8.78217086490674,0.00103496454884765,8.78217086490674,0.00103496454884765
0.5,-0.666666666666667,7.94444444444444,8.04168663462747,0.00945604355159116,8.04168663462747,0.00945604355159116,8.04168663462747,0.00945604355159116
0.5,-0.583333333333333,7.19444444444444,7.30917934175917,0.0131640966618197,7.30917934175917,0.0131640966618197,7.30917934175917,0.0131640966618197
0.5,-0.5,6.5,6.58850592492655,0.00783329874710475,6.58850592492655,0.00783329874710475,6.58850592492655,0.00783329874710475
0.5,-0.416666666666667,5.86111111111111,5.88590850614263,0.000614910800349204,5.88590850614263,0.000614910800349204,5.88590850614263,0.000614910800349204
0.5,-0.333333333333333,5.27777777777778,5.21134888203883,0.00441279818909615,5.21134888203883,0.00441279818909615,5.21134888203883,0.00441279818909615
0.5,-0.25,4.75,4.57959406775809,0.0290381817432353,4.57959406775809,0.0290381817432353,4.57959406775809,0.0290381817432353
0.5,-0.166666666666667,4.27777777777778,4.00995930806092,0.0717267327214779,4.00995930806092,0.0717267327214779,4.00995930806092,0.0717267327214779
0.5,-0.0833333333333333,3.86111111111111,3.52340825486393,0.114043219117505,3.52340825486393,0.114043219117505,3.52340825486393,0.114043219117505
0.5,0,3.5,3.13681908541158,0.131900376721281,3.13681908541158,0.131900376721281,3.13681908541158,0.131900376721281
0.5,0.0833333333333333,3.19444444444444,2.85674136535828,0.114043369624276,2.85674136535828,0.114043369624276,2.85674136535828,0.114043369624276
0.5,0.166666666666667,2.94444444444444,2.67662556325268,0.0717269531228083,2.67662556325268,0.0717269531228083,2.67662556325268,0.0717269531228083
0.5,0.25,2.75,2.57959352781724,0.0290383657617745,2.57959352781724,0.0290383657617745,2.57959352781724,0.0290383657617745
0.5,0.333333333333333,2.61111111111111,2.54468162049355,0.00441287722370905,2.54468162049355,0.00441287722370905,2.54468162049355,0.00441287722370905
0.5,0.416666666666667,2.52777777777778,2.55257459788431,0.000614882287395503,2.55257459788431,0.000614882287395503,2.55257459788431,0.000614882287395503
0.5,0.5,2.5,2.58850543804168,0.00783321256295019,2.58850543804168,0.00783321256295019,2.58850543804168,0.00783321256295019
0.5,0.583333333333333,2.52777777777778,2.64251233376415,0.0131640183373889,2.64251233376415,0.0131640183373889,2.64251233376415,0.0131640183373889
0.5,0.666666666666667,2.61111111111111,2.70835315199902,0.00945601451604665,2.70835315199902,0.00945601451604665,2.70835315199902,0.00945601451604665
0.5,0.75,2.75,2.78217094441114,0.00103496966430479,2.78217094441114,0.00103496966430479,2.78217094441114,0.00103496966430479
0.5,0.833333333333333,2.94444444444444,2.86142814780746,0.00689170550732017,2.86142814780746,0.00689170550732017,2.86142814780746,0.00689170550732017
0.5,0.916666666666667,3.19444444444444,2.94421727233757,0.0626136376606022,2.94421727233757,0.0626136376606022,2.94421727233757,0.0626136376606022
0.5,1,3.5,3.02887929694889,0.221954716843376,3.02887929694889,0.221954716843376,3.02887929694889,0.221954716843376
0.583333333333333,-1,11.3194444444444,10.8363892520746,0.233342318875471,10.8363892520746,0.233342318875471,10.8363892520746,0.233342318875471
0.583333333333333,-0.916666666666667,10.3472222222222,10.0850608610058,0.0687285793148328,10.0850608610058,0.0687285793148328,10.0850608610058,0.0687285793148328
0.583333333333333,-0.833333333333333,9.43055555555556,9.33560535094032,0.00901554135647446,9.33560535094032,0.00901554135647446,9.33560535094032,0.00901554135647446
0.583333333333333,-0.75,8.56944444444444,8.58968173878546,0.000409548082244894,8.58968173878546,0.000409548082244894,8.58968173878546,0.000409548082244894
0.583333333333333,-0.666666666666667,7.76388888888889,7.8491975086042,0.00727756059773132,7.8491975086042,0.00727756059773132,7.8491975086042,0.00727756059773132
0.583333333333333,-0.583333333333333,7.01388888888889,7.11669021585429,0.0105681128258471,7.11669021585429,0.0105681128258471,7.11669021585429,0.0105681128258471
0.583333333333333,-0.5,6.31944444444444,6.39601679916614,0.00586332550762458,6.39601679916614,0.00586332550762458,6.39601679916614,0.00586332550762458
0.583333333333333,-0.416666666666667,5.68055555555556,5.69341938055961,0.000165477993735034,5.69341938055961,0.000165477993735034,5.69341938055961,0.000165477993735034
0.583333333333333,-0.333333333333333,5.09722222222222,5.01885975667339,0.00614067600689212,5.01885975667339,0.00614067600689212,5.01885975667339,0.00614067600689212
0.583333333333333,-0.25,4.56944444444444,4.38710494265602,0.0332476939124494,4.38710494265602,0.0332476939124494,4.38710494265602,0.0332476939124494
0.583333333333333,-0.166666666666667,4.09722222222222,3.81747018326893,0.0782612032985261,3.81747018326893,0.0782612032985261,3.81747018326893,0.0782612032985261
0.583333333333333,-0.0833333333333333,3.68055555555556,3.33091913042154,0.122245629780491,3.33091913042154,0.122245629780491,3.33091913042154,0.122245629780491
0.583333333333333,0,3.31944444444444,2.94432996134186,0.140710875433318,2.94432996134186,0.140710875433318,2.94432996134186,0.140710875433318
0.583333333333333,0.0833333333333333,3.01388888888889,2.66425224166131,0.122245785084539,2.66425224166131,0.122245785084539,2.66425224166131,0.122245785084539
0.583333333333333,0.166666666666667,2.76388888888889,2.48413643990557,0.0782614327121666,2.48413643990557,0.0782614327121666,2.48413643990557,0.0782614327121666
0.583333333333333,0.25,2.56944444444444,2.38710440478056,0.0332478900646252,2.38710440478056,0.0332478900646252,2.38710440478056,0.0332478900646252
0.583333333333333,0.333333333333333,2.43055555555556,2.35219249772072,0.00614076883322585,2.35219249772072,0.00614076883322585,2.35219249772072,0.00614076883322585
0.583333333333333,0.416666666666667,2.34722222222222,2.36008547532959,0.000165463280504276,2.36008547532959,0.000165463280504276,2.36008547532959,0.000165463280504276
0.583333333333333,0.5,2.31944444444444,2.39601631566496,0.00586325146221049,2.39601631566496,0.00586325146221049,2.39601631566496,0.00586325146221049
0.583333333333333,0.583333333333333,2.34722222222222,2.45002321153249,0.0105680434031691,2.45002321153249,0.0105680434031691,2.45002321153249,0.0105680434031691
0.583333333333333,0.666666666666667,2.43055555555556,2.51586402988639,0.00727753579265458,2.51586402988639,0.00727753579265458,2.51586402988639,0.00727753579265458
0.583333333333333,0.75,2.56944444444444,2.58968182239716,0.000409551466400989,2.58968182239716,0.000409551466400989,2.58968182239716,0.000409551466400989
0.583333333333333,0.833333333333333,2.76388888888889,2.66893902587608,0.00901547648615034,2.66893902587608,0.00901547648615034,2.66893902587608,0.00901547648615034
0.583333333333333,0.916666666666667,3.01388888888889,2.75172815047593,0.0687282527652293,2.75172815047593,0.0687282527652293,2.75172815047593,0.0687282527652293
0.583333333333333,1,3.31944444444444,2.83639017514634,0.23334142708713,2.83639017514634,0.23334142708713,2.83639017514634,0.23334142708713
0.666666666666667,-1,11.1111111111111,10.6405040925691,0.221470965901,10.6405040925691,0.221470965901,10.6405040925691,0.221470965901
0.666666666666667,-0.916666666666667,10.1388888888889,9.88917570155999,0.0623566759259551,9.88917570155999,0.0623566759259551,9.88917570155999,0.0623566759259551
0.666666666666667,-0.833333333333333,9.22222222222222,9.13972019156497,0.00680658506257054,9.13972019156497,0.00680658506257054,9.13972019156497,0.00680658506257054
0.666666666666667,-0.75,8.36111111111111,8.39379657949368,0.00106833984338792,8.39379657949368,0.00106833984338792,8.39379657949368,0.00106833984338792
0.666666666666667,-0.666666666666667,7.55555555555555,7.6533123494123,0.00955639074514948,7.6533123494123,0.00955639074514948,7.6533123494123,0.00955639074514948
0.666666666666667,-0.583333333333333,6.80555555555556,6.92080505678298,0.0132824475331693,6.92080505678298,0.0132824475331693,6.92080505678298,0.0132824475331693
0.666666666666667,-0.5,6.11111111111111,6.2001316402419,0.0079246546067259,6.2001316402419,0.0079246546067259,6.2001316402419,0.0079246546067259
0.666666666666667,-0.416666666666667,5.47222222222222,5.49753422181593,0.000640697323431722,5.49753422181593,0.000640697323431722,5.49753422181593,0.000640697323431722
0.666666666666667,-0.333333333333333,4.88888888888889,4.82297459815106,0.00434469372347031,4.82297459815106,0.00434469372347031,4.82297459815106,0.00434469372347031
0.666666666666667,-0.25,4.36111111111111,4.1912197844016,0.0288630628911186,4.1912197844016,0.0288630628911186,4.1912197844016,0.0288630628911186
0.666666666666667,-0.166666666666667,3.88888888888889,3.62158502532983,0.0714513554735991,3.62158502532983,0.0714513554735991,3.62158502532983,0.0714513554735991
0.666666666666667,-0.0833333333333333,3.47222222222222,3.13503397283795,0.113695915522832,3.13503397283795,0.113695915522832,3.13503397283795,0.113695915522832
0.666666666666667,0,3.11111111111111,2.74844480413718,0.131526850214111,2.74844480413718,0.131526850214111,2.74844480413718,0.131526850214111
0.666666666666667,0.0833333333333333,2.80555555555556,2.46836708483561,0.113696064786456,2.46836708483561,0.113696064786456,2.46836708483561,0.113696064786456
0.666666666666667,0.166666666666667,2.55555555555556,2.28825128343555,0.0714515738936049,2.28825128343555,0.0714515738936049,2.28825128343555,0.0714515738936049
0.666666666666667,0.25,2.36111111111111,2.19121924862618,0.0288632449385991,2.19121924862618,0.0288632449385991,2.19121924862618,0.0288632449385991
0.666666666666667,0.333333333333333,2.22222222222222,2.1563073418346,0.00434477145651395,2.1563073418346,0.00434477145651395,2.1563073418346,0.00434477145651395
0.666666666666667,0.416666666666667,2.13888888888889,2.16420031966527,0.0006406685279476,2.16420031966527,0.0006406685279476,2.16420031966527,0.0006406685279476
0.666666666666667,0.5,2.11111111111111,2.20013116018165,0.00792456913652035,2.20013116018165,0.00792456913652035,2.20013116018165,0.00792456913652035
0.666666666666667,0.583333333333333,2.13888888888889,2.25413805619674,0.0132823705651526,2.25413805619674,0.0132823705651526,2.25413805619674,0.0132823705651526
0.666666666666667,0.666666666666667,2.22222222222222,2.31997887467173,0.0095563630981341,2.31997887467173,0.0095563630981341,2.31997887467173,0.0095563630981341
0.666666666666667,0.75,2.36111111111111,2.39379666728289,0.00106834558225856,2.39379666728289,0.00106834558225856,2.39379666728289,0.00106834558225856
0.666666666666667,0.833333333333333,2.55555555555556,2.47305387084591,0.0068065279799305,2.47305387084591,0.0068065279799305,2.47305387084591,0.0068065279799305
0.666666666666667,0.916666666666667,2.80555555555556,2.55584299551675,0.0623563626411361,2.55584299551675,0.0623563626411361,2.55584299551675,0.0623563626411361
0.666666666666667,1,3.11111111111111,2.64050502024735,0.221470092758074,2.64050502024735,0.221470092758074,2.64050502024735,0.221470092758074
0.75,-1,10.875,10.4425946375163,0.186974397504658,10.4425946375163,0.186974397504658,10.4425946375163,0.186974397504658
0.75,-0.916666666666667,9.90277777777778,9.69126624656763,0.0447371278348613,9.69126624656763,0.0447371278348613,9.69126624656763,0.0447371278348613
0.75,-0.833333333333333,8.98611111111111,8.94181073664394,0.00196252317793196,8.94181073664394,0.00196252317793196,8.94181073664394,0.00196252317793196
0.75,-0.75,8.125,8.1958871246572,0.0050249844421658,8.1958871246572,0.0050249844421658,8.1958871246572,0.0050249844421658
0.75,-0.666666666666667,7.31944444444444,7.45540289467683,0.0184847001895924,7.45540289467683,0.0184847001895924,7.45540289467683,0.0184847001895924
0.75,-0.583333333333333,6.56944444444444,6.72289560216943,0.0235472578071378,6.72289560216943,0.0235472578071378,6.72289560216943,0.0235472578071378
0.75,-0.5,5.875,6.00222218577699,0.0161854845538754,6.00222218577699,0.0161854845538754,6.00222218577699,0.0161854845538754
0.75,-0.416666666666667,5.23611111111111,5.29962476753344,0.00403398455213369,5.29962476753344,0.00403398455213369,5.29962476753344,0.00403398455213369
0.75,-0.333333333333333,4.65277777777778,4.62506514409219,0.000767990065791326,4.62506514409219,0.000767990065791326,4.62506514409219,0.000767990065791326
0.75,-0.25,4.125,3.9933103306133,0.0173421690231795,3.9933103306133,0.0173421690231795,3.9933103306133,0.0173421690231795
0.75,-0.166666666666667,3.65277777777778,3.42367557185997,0.0524878207564066,3.42367557185997,0.0524878207564066,3.42367557185997,0.0524878207564066
0.75,-0.0833333333333333,3.23611111111111,2.93712451972705,0.08939298182746,2.93712451972705,0.08939298182746,2.93712451972705,0.08939298182746
0.75,0,2.875,2.55053535140886,0.105277308185371,2.55053535140886,0.105277308185371,2.55053535140886,0.105277308185371
0.75,0.0833333333333333,2.56944444444444,2.27045763248993,0.0893931137227255,2.27045763248993,0.0893931137227255,2.27045763248993,0.0893931137227255
0.75,0.166666666666667,2.31944444444444,2.09034183144899,0.0524880072813446,2.09034183144899,0.0524880072813446,2.09034183144899,0.0524880072813446
0.75,0.25,2.125,1.99330979695829,0.0173423095771656,1.99330979695829,0.0173423095771656,1.99330979695829,0.0173423095771656
0.75,0.333333333333333,1.98611111111111,1.95839789043759,0.000768022600099204,1.95839789043759,0.000768022600099204,1.95839789043759,0.000768022600099204
0.75,0.416666666666667,1.90277777777778,1.96629086849222,0.00403391269210078,1.96629086849222,0.00403391269210078,1.96629086849222,0.00403391269210078
0.75,0.5,1.875,2.00222170919139,0.0161853632895785,2.00222170919139,0.0161853632895785,2.00222170919139,0.0161853632895785
0.75,0.583333333333333,1.90277777777778,2.05622860535552,0.023547156484293,2.05622860535552,0.023547156484293,2.05622860535552,0.023547156484293
0.75,0.666666666666667,1.98611111111111,2.12206942395283,0.0184846628307667,2.12206942395283,0.0184846628307667,2.12206942395283,0.0184846628307667
0.75,0.75,2.125,2.19588721666541,0.00502499748656916,2.19588721666541,0.00502499748656916,2.19588721666541,0.00502499748656916
0.75,0.833333333333333,2.31944444444444,2.2751444203134,0.00196249213801116,2.2751444203134,0.00196249213801116,2.2751444203134,0.00196249213801116
0.75,0.916666666666667,2.56944444444444,2.357933545056,0.0447368605601091,2.357933545056,0.0447368605601091,2.357933545056,0.0447368605601091
0.75,1,2.875,2.44259556984745,0.186973591215549,2.44259556984745,0.186973591215549,2.44259556984745,0.186973591215549
0.833333333333333,-1,10.6111111111111,10.2433916786448,0.135217581013375,10.2433916786448,0.135217581013375,10.2433916786448,0.135217581013375
0.833333333333333,-0.916666666666667,9.63888888888889,9.49206328775702,0.0215577571477343,9.49206328775702,0.0215577571477343,9.49206328775702,0.0215577571477343
0.833333333333333,-0.833333333333333,8.72222222222222,8.74260777790523,0.000415570880505026,8.74260777790523,0.000415570880505026,8.74260777790523,0.000415570880505026
0.833333333333333,-0.75,7.86111111111111,7.99668416600369,0.0183800532129061,7.99668416600369,0.0183800532129061,7.99668416600369,0.0183800532129061
0.833333333333333,-0.666666666666667,7.05555555555555,7.25619993612506,0.0402581674541212,7.25619993612506,0.0402581674541212,7.25619993612506,0.0402581674541212
0.833333333333333,-0.583333333333333,6.30555555555556,6.52369264374043,0.047583789241774,6.52369264374043,0.047583789241774,6.52369264374043,0.047583789241774
0.833333333333333,-0.5,5.61111111111111,5.80301922749764,0.036828725135024,5.80301922749764,0.036828725135024,5.80301922749764,0.036828725135024
0.833333333333333,-0.416666666666667,4.97222222222222,5.10042180943771,0.0164351341622204,5.10042180943771,0.0164351341622204,5.10042180943771,0.0164351341622204
0.833333333333333,-0.333333333333333,4.38888888888889,4.42586218622151,0.00136702471564623,4.42586218622151,0.00136702471564623,4.42586218622151,0.00136702471564623
0.833333333333333,-0.25,3.86111111111111,3.79410737301487,0.00448950091886932,3.79410737301487,0.00448950091886932,3.79410737301487,0.00448950091886932
0.833333333333333,-0.166666666666667,3.38888888888889,3.22447261458195,0.0270327112569751,3.22447261458195,0.0270327112569751,3.22447261458195,0.0270327112569751
0.833333333333333,-0.0833333333333333,2.97222222222222,2.73792156281019,0.054896799000915,2.73792156281019,0.054896799000915,2.73792156281019,0.054896799000915
0.833333333333333,0,2.61111111111111,2.3513323948769,0.067484981408297,2.3513323948769,0.067484981408297,2.3513323948769,0.067484981408297
0.833333333333333,0.0833333333333333,2.30555555555556,2.07125467634291,0.054896901999821,2.07125467634291,0.054896901999821,2.07125467634291,0.054896901999821
0.833333333333333,0.166666666666667,2.05555555555556,1.89113887566325,0.0270328446268083,1.89113887566325,0.0270328446268083,1.89113887566325,0.0270328446268083
0.833333333333333,0.25,1.86111111111111,1.79410684149316,0.00448957214703572,1.79410684149316,0.00448957214703572,1.79410684149316,0.00448957214703572
0.833333333333333,0.333333333333333,1.72222222222222,1.75919493524497,0.00136698150826218,1.75919493524497,0.00136698150826218,1.75919493524497,0.00136698150826218
0.833333333333333,0.416666666666667,1.63888888888889,1.76708791352492,0.0164349899176305,1.76708791352492,0.0164349899176305,1.76708791352492,0.0164349899176305
0.833333333333333,0.5,1.61111111111111,1.80301875440802,0.036828543555774,1.80301875440802,0.036828543555774,1.80301875440802,0.036828543555774
0.833333333333333,0.583333333333333,1.63888888888889,1.85702565072212,0.0475836468630871,1.85702565072212,0.0475836468630871,1.85702565072212,0.0475836468630871
0.833333333333333,0.666666666666667,1.72222222222222,1.92286646944253,0.0402581139426042,1.92286646944253,0.0402581139426042,1.92286646944253,0.0402581139426042
0.833333333333333,0.75,1.86111111111111,1.9966842622572,0.0183800793116796,1.9966842622572,0.0183800793116796,1.9966842622572,0.0183800793116796
0.833333333333333,0.833333333333333,2.05555555555556,2.07594146599072,0.000415585344270647,2.07594146599072,0.000415585344270647,2.07594146599072,0.000415585344270647
0.833333333333333,0.916666666666667,2.30555555555556,2.15873059080557,0.0215575702738351,2.15873059080557,0.0215575702738351,2.15873059080557,0.0215575702738351
0.833333333333333,1,2.61111111111111,2.2433926156583,0.135216891898078,2.2433926156583,0.135216891898078,2.2433926156583,0.135216891898078
0.916666666666667,-1,10.3194444444444,10.0433808957883,0.0762110828966326,10.0433808957883,0.0762110828966326,10.0433808957883,0.0762110828966326
0.916666666666667,-0.916666666666667,9.34722222222222,9.2920525049618,0.0030436977025948,9.2920525049618,0.0030436977025948,9.2920525049618,0.0030436977025948
0.916666666666667,-0.833333333333333,8.43055555555556,8.54259699518228,0.012553284193628,8.54259699518228,0.012553284193628,8.54259699518228,0.012553284193628
0.916666666666667,-0.75,7.56944444444444,7.79667338336634,0.0516329906835711,7.79667338336634,0.0516329906835711,7.79667338336634,0.0516329906835711
0.916666666666667,-0.666666666666667,6.76388888888889,7.05618915358993,0.0854394447442974,7.05618915358993,0.0854394447442974,7.05618915358993,0.0854394447442974
0.916666666666667,-0.583333333333333,6.01388888888889,6.3236818613286,0.0959716857730325,6.3236818613286,0.0959716857730325,6.3236818613286,0.0959716857730325
0.916666666666667,-0.5,5.31944444444444,5.60300844523609,0.0804085425449646,5.60300844523609,0.0804085425449646,5.60300844523609,0.0804085425449646
0.916666666666667,-0.416666666666667,4.68055555555556,4.90041102736053,0.0483364284825868,4.90041102736053,0.0483364284825868,4.90041102736053,0.0483364284825868
0.916666666666667,-0.333333333333333,4.09722222222222,4.22585140437026,0.0165454665000736,4.22585140437026,0.0165454665000736,4.22585140437026,0.0165454665000736
0.916666666666667,-0.25,3.56944444444444,3.59409659143694,0.000607728351339699,3.59409659143694,0.000607728351339699,3.59409659143694,0.000607728351339699
0.916666666666667,-0.166666666666667,3.09722222222222,3.02446183332563,0.00529407419238337,3.02446183332563,0.00529407419238337,3.02446183332563,0.00529407419238337
0.916666666666667,-0.0833333333333333,2.68055555555556,2.53791078191637,0.0203475314465753,2.53791078191637,0.0203475314465753,2.53791078191637,0.0203475314465753
0.916666666666667,0,2.31944444444444,2.1513216143694,0.0282652859924438,2.1513216143694,0.0282652859924438,2.1513216143694,0.0282652859924438
0.916666666666667,0.0833333333333333,2.01388888888889,1.87124389622176,0.0203475939330055,1.87124389622176,0.0203475939330055,1.87124389622176,0.0203475939330055
0.916666666666667,0.166666666666667,1.76388888888889,1.69112809590471,0.00529413299568625,1.69112809590471,0.00529413299568625,1.69112809590471,0.00529413299568625
0.916666666666667,0.25,1.56944444444444,1.59409606205639,0.000607702250885683,1.59409606205639,0.000607702250885683,1.59409606205639,0.000607702250885683
0.916666666666667,0.333333333333333,1.43055555555556,1.55918415608173,0.0165453168733208,1.55918415608173,0.0165453168733208,1.55918415608173,0.0165453168733208
0.916666666666667,0.416666666666667,1.34722222222222,1.56707713458785,0.0483361824912985,1.56707713458785,0.0483361824912985,1.56707713458785,0.0483361824912985
0.916666666666667,0.5,1.31944444444444,1.60300797565557,0.0804082762329247,1.60300797565557,0.0804082762329247,1.60300797565557,0.0804082762329247
0.916666666666667,0.583333333333333,1.34722222222222,1.65701487212022,0.0959714859308219,1.65701487212022,0.0959714859308219,1.65701487212022,0.0959714859308219
0.916666666666667,0.666666666666667,1.43055555555556,1.72285569096421,0.0854393691599195,1.72285569096421,0.0854393691599195,1.72285569096421,0.0854393691599195
0.916666666666667,0.75,1.56944444444444,1.79667348388138,0.0516330363634308,1.79667348388138,0.0516330363634308,1.79667348388138,0.0516330363634308
0.916666666666667,0.833333333333333,1.76388888888889,1.87593068770079,0.012553364681007,1.87593068770079,0.012553364681007,1.87593068770079,0.012553364681007
0.916666666666667,0.916666666666667,2.01388888888889,1.95871981258819,0.00304362697987202,1.95871981258819,0.00304362697987202,1.95871981258819,0.00304362697987202
0.916666666666667,1,2.31944444444444,2.04338183750248,0.0762105629515959,2.04338183750248,0.0762105629515959,2.04338183750248,0.0762105629515959
1,-1,10,9.84300326438925,0.0246479749924319,9.84300326438925,0.0246479749924319,9.84300326438925,0.0246479749924319
1,-0.916666666666667,9.02777777777778,9.0916748736242,0.00408283885760698,9.0916748736242,0.00408283885760698,9.0916748736242,0.00408283885760698
1,-0.833333333333333,8.11111111111111,8.34221936391714,0.0534110245150539,8.34221936391714,0.0534110245150539,8.34221936391714,0.0534110245150539
1,-0.75,7.25,7.59629575218701,0.119920747982768,7.59629575218701,0.119920747982768,7.59629575218701,0.119920747982768
1,-0.666666666666667,6.44444444444444,6.85581152251304,0.169222872918695,6.85581152251304,0.169222872918695,6.85581152251304,0.169222872918695
1,-0.583333333333333,5.69444444444444,6.12330423037528,0.18392071598864,6.12330423037528,0.18392071598864,6.12330423037528,0.18392071598864
1,-0.5,5,5.40263081443334,0.162111572731256,5.40263081443334,0.162111572731256,5.40263081443334,0.162111572731256
1,-0.416666666666667,4.36111111111111,4.70003339674248,0.114868315697594,4.70003339674248,0.114868315697594,4.70003339674248,0.114868315697594
1,-0.333333333333333,3.77777777777778,4.02547377397855,0.0613533065338908,4.02547377397855,0.0613533065338908,4.02547377397855,0.0613533065338908
1,-0.25,3.25,3.393718961319,0.0206551398426114,3.393718961319,0.0206551398426114,3.393718961319,0.0206551398426114
1,-0.166666666666667,2.77777777777778,2.82408420352981,0.00214428506592885,2.82408420352981,0.00214428506592885,2.82408420352981,0.00214428506592885
1,-0.0833333333333333,2.36111111111111,2.33753315248362,0.000555920133039725,2.33753315248362,0.000555920133039725,2.33753315248362,0.000555920133039725
1,0,2,1.95094398532356,0.00240649257593519,1.95094398532356,0.00240649257593519,1.95094398532356,0.00240649257593519
1,0.0833333333333333,1.69444444444444,1.67086626756287,0.000555930425059007,1.67086626756287,0.000555930425059007,1.67086626756287,0.000555930425059007
1,0.166666666666667,1.44444444444444,1.49075046760898,0.00214424778131412,1.49075046760898,0.00214424778131412,1.49075046760898,0.00214424778131412
1,0.25,1.25,1.39371843408292,0.0206549882952473,1.39371843408292,0.0206549882952473,1.39371843408292,0.0206549882952473
1,0.333333333333333,1.11111111111111,1.3588065283822,0.0613530197370983,1.3588065283822,0.0613530197370983,1.3588065283822,0.0613530197370983
1,0.416666666666667,1.02777777777778,1.36669950711485,0.114867938616833,1.36669950711485,0.114867938616833,1.36669950711485,0.114867938616833
1,0.5,1,1.40263034836749,0.16211119742653,1.40263034836749,0.16211119742653,1.40263034836749,0.16211119742653
1,0.583333333333333,1.02777777777778,1.45663724498294,0.183920442611494,1.45663724498294,0.183920442611494,1.45663724498294,0.183920442611494
1,0.666666666666667,1.11111111111111,1.52247806395073,0.169222769888555,1.52247806395073,0.169222769888555,1.52247806395073,0.169222769888555
1,0.75,1.25,1.59629585697057,0.119920820554985,1.59629585697057,0.119920820554985,1.59629585697057,0.119920820554985
1,0.833333333333333,1.44444444444444,1.67555306087604,0.053411192588928,1.67555306087604,0.053411192588928,1.67555306087604,0.053411192588928
1,0.916666666666667,1.69444444444444,1.75834218583614,0.00408292135496053,1.75834218583614,0.00408292135496053,1.75834218583614,0.00408292135496053
1,1,2,1.8430042108121,0.02464767782273,1.8430042108121,0.02464767782273,1.8430042108121,0.02464767782273
